emdNm,hsmpNm,rnAdres,laCrdnt,loCrdnt
한림읍,리사무소 앞,제주특별자치도 제주시 한림읍 한림리 1328-62,33.4160826,126.2623698
한림읍,영신연립 옆 한흥블럭사,제주특별자치도 제주시 한림읍 한림리 1531-4,33.4108638,126.2636690
한림읍,왕수학교실 삼거리 (회성푸르니 아파트 앞),제주특별자치도 제주시 한림읍 한림리 1450-2,33.4123373,126.2642205
한림읍,수타명가 남측,제주특별자치도 제주시 한림읍 귀덕리 3008,33.4414708,126.2903320
한림읍,대림하동길 마을 끝,제주특별자치도 제주시 한림읍 대림리 1268-2,33.4271485,126.2793061
한림읍,감협 맞은편, 제주특별자치도 제주시 한림읍 명랑로 16,33.4145053,126.2664781
한림읍,한림공고 후문 옆,제주특별자치도 제주시 한림읍 동명리 1540-11,33.4055401,126.2690034
한림읍,산아진동산, 제주특별자치도 제주시 한림읍 한림남1길 29,33.4122794,126.2679498
한림읍,금악리 농협창고 주변,제주특별자치도 제주시 한림읍 금악리 2234-1,33.3613776,126.2959282
한림읍,천주교 버스정류소 옆,제주특별자치도 제주시 한림읍 대림리 1814,33.4175521,126.2650087
한림읍,금능 오폐수 정화시설 뒤(마중),제주특별자치도 제주시 한림읍 금능9길 10-1,33.3892564,126.2303201
한림읍,신서동 집하장 앞,제주특별자치도 제주시 한림읍 귀덕6길 200,33.4282486,126.2889816
한림읍,구 부녀회관 뒤,제주특별자치도 제주시 한림읍 월림리 291-8,33.3486769,126.2564184
한림읍,리사무소 옆,제주특별자치도 제주시 한림읍 귀덕리 4070,33.4411299,126.2792463
한림읍,천호제일사료 주차장,제주특별자치도 제주시 한림읍 귀덕리 228-3,33.4213674,126.2980664
한림읍,리사무소앞 광장,제주특별자치도 제주시 한림읍 한수풀로 337,33.4192292,126.2963140
한림읍,한림빌라 맞은편 동쪽,제주특별자치도 제주시 한림읍 수원리 960-6,33.4281871,126.2638055
한림읍,체육관입구 아래쪽 도로(백부장집),제주특별자치도 제주시 한림읍 한림리 915-9,33.4089666,126.2662174
한림읍,노인회관 내부,제주특별자치도 제주시 한림읍 한림로 741,33.4211250,126.2636191
한림읍,조성동 삼거리,제주특별자치도 제주시 한림읍 상명리 211-12,33.3520078,126.2772846
한림읍,한수리 해안도로변,제주특별자치도 제주시 한림읍 한수리 920-14,33.4228910,126.2625625
한림읍,삼손가든 아래,제주특별자치도 제주시 한림읍 한림리 680-1,33.4108982,126.2708092
한림읍,리사무소앞 저온저장고,제주특별자치도 제주시 한림읍 한수풀로 177,33.4228359,126.2806618
한림읍,서동 일주도로변 소공원,제주특별자치도 제주시 한림읍 대림리 1468-1,33.4244857,126.2776095
한림읍,리사무소 내부,제주특별자치도 제주시 한림읍 중산간서로 4956,33.4076807,126.2937537
한림읍,한림원광어린이집 옆,제주특별자치도 제주시 한림읍 한림리 551-2,33.4150575,126.2701160
한림읍,문수동 선과장앞 안전지대,제주특별자치도 제주시 한림읍 동명리 175-4,33.3856438,126.2834080
한림읍,명월리 1191 명월로 옆,제주특별자치도 제주시 한림읍 명월리 1191,33.3757839,126.2774344
한림읍,리사무소 옆,제주특별자치도 제주시 한림읍 명월리 1777-5,33.3865503,126.2674868
한림읍,억소리갈비 옆(노인회관 뒤),제주특별자치도 제주시 한림읍 사가동길 18,33.4157957,126.2632420
한림읍,금악 GS25 맞은편,제주특별자치도 제주시 한림읍 중산간서로 4292,33.3581183,126.2947412
한림읍,신서동 동동네 삼거리 부근,제주특별자치도 제주시 한림읍 귀덕리 1893-1,33.4279361,126.2927282
한림읍,상명리 1028-1앞 ,제주특별자치도 제주시 한림읍 상명리 2361,33.3601866,126.2698327
한림읍,리사무소 옆길 한림3리 입구,제주특별자치도 제주시 한림읍 대림로 55,33.4215389,126.2825480
한림읍,새물통 삼거리,제주특별자치도 제주시 한림읍 금악리 2048-2,33.3579012,126.2980196
한림읍,영농법인 삼다 옆 골목,제주특별자치도 제주시 한림읍 옹포리 323-3,33.4060258,126.2566908
한림읍,통물 옆,제주특별자치도 제주시 한림읍 협재리 2514-19,33.3927238,126.2406362
한림읍,유성빌라 앞,제주특별자치도 제주시 한림읍 한림리 1494,33.4095213,126.2607314
한림읍,해수욕장 동측 주차장,제주특별자치도 제주시 한림읍 협재리 2447-45,33.3947244,126.2408604
한림읍,해수욕장 서측 주차장,제주특별자치도 제주시 한림읍 협재리 2447-11,33.3930731,126.2397233
한림읍,제주 만석이펜션 맞은편 도로,제주특별자치도 제주시 한림읍 금능리 1268-3,33.3863489,126.2299592
한림읍,포구 앞 공터,제주특별자치도 제주시 한림읍 금능7길 14-8,33.3896212,126.2288887
한림읍,리사무소 내부,제주특별자치도 제주시 한림읍 월령1길 11,33.3759800,126.2156728
한림읍,광이동 입구 공터,제주특별자치도 제주시 한림읍 일주서로 5538,33.4213544,126.2782512
한림읍,한림고물상 앞(주민자치센터 뒤),제주특별자치도 제주시 한림읍 한림리 1388-3,33.4126299,126.2624197
한림읍,귀덕3리 농산물집하장 내,제주특별자치도 제주시 한림읍 월각로 6,33.4168106,126.2972371
한림읍,이시돌사료공장 옆 (한수중계펌프장 골목),제주특별자치도 제주시 한림읍 대림리 2019-13,33.4190393,126.2632586
한림읍,귀덕2리 해안도로변,제주특별자치도 제주시 한림읍 귀덕리 3127-1,33.4420795,126.2836713
한림읍,리사무소 옆 ,제주특별자치도 제주시 한림읍 수원리 26-5,33.4273175,126.2705338
한림읍,별빛두 방울펜션 북측,제주특별자치도 제주시 한림읍 협재리 1937-3,33.3960328,126.2476789
한림읍,비치빌라 앞 도로변,제주특별자치도 제주시 한림읍 옹포리 618-3,33.4011837,126.2524683
한림읍,대림~귀덕3리 입구,제주특별자치도 제주시 한림읍 귀덕리 2255-6,33.4180332,126.2913412
한림읍,동축항 입구,제주특별자치도 제주시 한림읍 귀덕리 976-8,33.4455626,126.2945703
한림읍,허화규댁 앞 무료주차장,제주특별자치도 제주시 한림읍 한수리 920-12,33.4227068,126.2633411
한림읍,농협 농기계수리센터 위,제주특별자치도 제주시 한림읍 고도물길 10,33.4108933,126.2586669
한림읍,한림고 입구 사거리(국도변)      ,제주특별자치도 제주시 한림읍 명월리 2089-5,33.3963816,126.2603072
한림읍,오일시장 내,제주특별자치도 제주시 한림읍 한수풀로4길 10,33.4198314,126.2745058
한림읍,켄싱턴리조트  해안도로변,제주특별자치도 제주시 한림읍 한림해안로 538,33.4370278,126.2751087
한림읍,어촌계회관 뒤편,제주특별자치도 제주시 한림읍 한림해안로 485,33.4358803,126.2722100
한림읍,한수관광어촌지원센터 뒤,제주특별자치도 제주시 한림읍 한수3길 13,33.4200952,126.2629281
한림읍,능향원 앞,제주특별자치도 제주시 한림읍 금능리 1634-1,33.3859968,126.2235841
한림읍,옹포횟집 앞,제주특별자치도 제주시 한림읍 옹포리 500-16,33.4043367,126.2516440
한림읍,월령리 포구 공터,제주특별자치도 제주시 한림읍 월령리 317-1,33.3785151,126.2162844
한림읍,삼일식당 사거리,제주특별자치도 제주시 한림읍 동명리 1601-2,33.4084533,126.2638446
한림읍,성로삼거리,제주특별자치도 제주시 한림읍 귀덕리 1644-12,33.4337472,126.2961955
한림읍,한수풀해녀학교 지나서 양어장 뒤,제주특별자치도 제주시 한림읍 귀덕리 4129-4,33.4416573,126.2776655
한림읍,양O원씨댁 앞,제주특별자치도 제주시 한림읍 한림리 65-5,33.4132586,126.2816184
한림읍,관정 옆 공터,제주특별자치도 제주시 한림읍 동명리 1324-2,33.3973083,126.2654992
한림읍,올레길 주차장,제주특별자치도 제주시 한림읍 월령안길 27,33.3761875,126.2143263
한림읍,한수풀도서관 입구 맞은편,제주특별자치도 제주시 한림읍 대림리 1882-5,33.4194927,126.2676632
한림읍,취락구조 삼거리 퐁낭 앞,제주특별자치도 제주시 한림읍 수원리 713-8,33.4261565,126.2670150
한림읍,대명종합타일,제주특별자치도 제주시 한림읍 대림리 1776-1,33.4173638,126.2682733
한림읍,서부소방서 앞 대도로변,제주특별자치도 제주시 한림읍 동명리 664-15,33.4022560,126.2707317
한림읍,한수리 정류소 옆,제주특별자치도 제주시 한림읍 한수리 845-2,33.4217842,126.2643250
한림읍,입전동 정자 주변,제주특별자치도 제주시 한림읍 대림리 676-5,33.4243745,126.2851150
한림읍,한림순복음교회 앞,제주특별자치도 제주시 한림읍 대림리 1901-10,33.4200066,126.2653215
한림읍,중앙약국 옆,제주특별자치도 제주시 한림읍 한림리 1421-2,33.4143053,126.2642820
한림읍,김밥천국 옆 주차장,제주특별자치도 제주시 한림읍 한림리 1213-2,33.4143667,126.2645666
한림읍,감협 뒤 공터,제주특별자치도 제주시 한림읍 명랑로 17,33.4147211,126.2668654
한림읍,리사무소 앞,제주특별자치도 제주시 한림읍 한림리 175-10,33.4087362,126.2774958
한림읍,이시돌 주택 주차장,제주특별자치도 제주시 한림읍 금악리 109-7,33.3432315,126.3202344
한림읍,리사무소 맞은편 도로,제주특별자치도 제주시 한림읍 상명리 1111-2,33.3593674,126.2707762
한림읍,동카름,제주특별자치도 제주시 한림읍 상명리 1758-1,33.3634236,126.2686186
한림읍,일주도로 하얀집간판 앞,제주특별자치도 제주시 한림읍 한림로 381,33.3966846,126.2433363
한림읍,금능농공단지 삼다 삼거리,제주특별자치도 제주시 한림읍 금능농공길 50,33.3594904,126.2427677
한림읍,금능농공단지 대산파이프 삼거리,제주특별자치도 제주시 한림읍 금능농공길 64,33.3583570,126.2419000
한림읍,미화연립 앞,제주특별자치도 제주시 한림읍 한림리 1582-7,33.4117216,126.2642906
한림읍,성산교회 사거리,제주특별자치도 제주시 한림읍 금악리 2033-8,33.3595482,126.2983550
한림읍,한림체육관 내부,제주특별자치도 제주시 한림읍 한림중앙로 71-9,33.4101152,126.2681696
애월읍,고성천 앞, 제주특별자치도 제주시 애월읍 하귀2리 1436-20 ,33.4822370,126.4055572
애월읍,애월읍 영송학교 북측, 제주특별자치도 제주시 애월읍 광령중길 85,33.4525396,126.4347083
애월읍,리사무소 앞, 제주특별자치도 제주시 애월읍 고성리 133-2,33.4347641,126.4255795
애월읍,금성리(상동) 756-1 창고, 제주특별자치도 제주시 애월읍 금성2길 64,33.4391264,126.3015389
애월읍,녹근로 39 맞은편, 제주특별자치도 제주시 애월읍 봉성리 3080-9,33.4149488,126.3144897
애월읍,어음1리사무소 앞, 제주특별자치도 제주시 애월읍 어음리 3642-1,33.4166351,126.3308453
애월읍,마을회관(어음 10길 33)옆, 제주특별자치도 제주시 애월읍 어음10길 33,33.4011980,126.3367389
애월읍,중앙슈퍼 옆, 제주특별자치도 제주시 애월읍 납읍리 1753-4,33.4397895,126.3295805
애월읍,동귀어촌계횟집 앞, 제주특별자치도 제주시 애월읍 하귀12길 22,33.4863708,126.4086893
애월읍,하귀2리 1752-5 (그린마트 앞), 제주특별자치도 제주시 애월읍 하귀미수동길 30,33.4810482,126.4015386
애월읍,UTS 골프빌리지 앞, 제주특별자치도 제주시 애월읍 광령평화2길 170-2,33.4306706,126.4340474
애월읍,용흥입구 북측 삼거리, 제주특별자치도 제주시 애월읍 신용로 193,33.4546301,126.3701335
애월읍,경림산업 앞, 제주특별자치도 제주시 애월읍 신엄8길 10,33.4704176,126.3674790
애월읍,해오름 가는 길, 제주특별자치도 제주시 애월읍 구엄리 1103-1,33.4764964,126.3768975
애월읍,용흥2길2 맞은편 무료주차장, 제주특별자치도 제주시 애월읍 신엄리1728-1,33.4619699,126.3684092
애월읍,순두물 옆, 제주특별자치도 제주시 애월읍 광령리 1276-2,33.4607272,126.4399228
애월읍,광령한마음새마을금고 주차장, 제주특별자치도 제주시 애월읍 광성로 277,33.4607596,126.4367500
애월읍,광령2리사무소, 제주특별자치도 제주시 애월읍 하광로 473,33.4491116,126.4294832
애월읍,광령리 3798-16, 제주특별자치도 제주시 애월읍 광령자종길 1,33.4640536,126.4233426
애월읍,고성6길 4 앞, 제주특별자치도 제주시 애월읍 고성6길 4,33.4579918,126.4151356
애월읍,리사무소 앞, 제주특별자치도 제주시 애월읍 고성리 133-2,33.4347641,126.4255795
애월읍,보건소(유수암평화길14-2)맞은편, 제주특별자치도 제주시 애월읍 유수암리 1898-3,33.4411599,126.4024027
애월읍,성덕슈퍼옆(장전4길입구), 제주특별자치도 제주시 애월읍 장전리 453-2,33.4507622,126.3884695
애월읍,소길버스승차대 앞, 제주특별자치도 제주시 애월읍 장전리 1638-3,33.4413021,126.3791088
애월읍,수산리 1914-1번지 앞 도로, 제주특별자치도 제주시 애월읍 수산리 1914-1,33.4699194,126.3845210
애월읍,수산리 경로당 부지 안쪽, 제주특별자치도 제주시 애월읍 하소로 163,33.4670451,126.3933283
애월읍,상귀리 1572-2, 제주특별자치도 제주시 애월읍 예원로 103,33.4605164,126.3981389
애월읍,곰슬빌라 앞, 제주특별자치도 제주시 애월읍 엄수로 165,33.4687560,126.3897610
애월읍,상귀리 113앞, 제주특별자치도 제주시 애월읍 상귀리 113,33.4731056,126.4091576
애월읍,돌빌레식당앞 동양콘도 근처, 제주특별자치도 제주시 애월읍 구엄4길 48,33.4838329,126.3773987
애월읍,윤정빌리지 서측, 제주특별자치도 제주시 애월읍 하귀1리 316-2,33.4890610,126.4157282
애월읍,남읍리 다가구 주택 앞, 제주특별자치도 제주시 애월읍 애납로 161,33.4399406,126.3282983
애월읍,동귀어촌계횟집 동측, 제주특별자치도 제주시 애월읍 하귀12길 36,33.4873895,126.4090054
애월읍,리사무소북측, 제주특별자치도 제주시 애월읍 하귀10길 17,33.4869023,126.4100530
애월읍,번대동회관(번대동길 20-1)남쪽, 제주특별자치도 제주시 애월읍 하귀2리 2988-2,33.4768567,126.3917567
애월읍,임닛물 앞새마을금고 맞은편, 제주특별자치도 제주시 애월읍 하귀로 72,33.4812753,126.4047048
애월읍,하귀2리 3018-9 소왕천 주차장 옆, 제주특별자치도 제주시 애월읍 하귀2리 1926-7,33.4795199,126.4005221
애월읍,하귀2리사무소주차장, 제주특별자치도 제주시 애월읍 하귀로23길 17-1,33.4789107,126.4032820
애월읍,가문동포구 팔각정옆, 제주특별자치도 제주시 애월읍 가문동길 50,33.4868185,126.3923184
애월읍,어촌계공동창고 앞, 제주특별자치도 제주시 애월읍 신엄9길 54,33.4759515,126.3667183
애월읍,리사무소(신엄9길24) 동측, 제주특별자치도 제주시 애월읍 신엄9길 22-2 ,33.4735327,126.3680200
애월읍,납읍리 1622-4 앞, 제주특별자치도 제주시 애월읍 납읍리 1622-4,33.4380838,126.3337051
애월읍,섯동네, 제주특별자치도 제주시 애월읍 신엄안3길 46 ,33.4740472,126.3622693
애월읍,고스트타운 입구, 제주특별자치도 제주시 애월읍 신엄리 2871,33.4765275,126.3557305
애월읍,경로당옆, 제주특별자치도 제주시 애월읍 유수암리 1042-16,33.4232564,126.4051660
애월읍,부농삼거리, 제주특별자치도 제주시 애월읍 납읍리 2420-2,33.4368050,126.3278403
애월읍,비바리짬뽕(하귀3길 35)옆, 제주특별자치도 제주시 애월읍 하귀1리 123-10,33.4862899,126.4159009
애월읍,대신빌라옆, 제주특별자치도 제주시 애월읍 구엄길 9,33.4751783,126.3756064
애월읍,리사무소 옆, 제주특별자치도 제주시 애월읍 봉성리 3816-4,33.4213124,126.3124192
애월읍,농산물1집하장 앞, 제주특별자치도 제주시 애월읍 고성3길 10 ,33.4590398,126.4144488
애월읍,연못 앞, 제주특별자치도 제주시 애월읍 봉성리 4188-1,33.4138670,126.3106445
애월읍,하귀1리 271-4 도로, 제주특별자치도 제주시 애월읍 일주서로 7219-1,33.4893938,126.4189881
애월읍,동귀카센터 근처, 제주특별자치도 제주시 애월읍 하귀1리 146-1,33.4868545,126.4184307
애월읍,망고레이길건너편, 제주특별자치도 제주시 애월읍 하귀1리 156-5,33.4843378,126.4167000
애월읍,하소로136도로, 제주특별자치도 제주시 애월읍 하소로 136,33.4694420,126.3943150
애월읍,광령7길 13 옆, 제주특별자치도 제주시 애월읍 광령7길 13 ,33.4618940,126.4383490
애월읍,어린이공원 남측 주차장, 제주특별자치도 제주시 애월읍 하귀1리 238-4 ,33.4812828,126.4138228
애월읍,신명동, 제주특별자치도 제주시 애월읍 봉성리 3248-2,33.4177748,126.3175455
애월읍,바글바글식당 주변, 제주특별자치도 제주시 애월읍 하귀5길 2-1,33.4870879,126.4161485
애월읍,소망빌라 옆, 제주특별자치도 제주시 애월읍 구엄리 900-3,33.4748069,126.3779673
애월읍,어음분교후문, 제주특별자치도 제주시 애월읍 어음10길 7,33.4025238,126.3378458
애월읍,광령8길 33 앞, 제주특별자치도 제주시 애월읍 광령8길 33,33.4581496,126.4401289
애월읍,구몰동, 제주특별자치도 제주시 애월읍 봉성리 3375-1,33.4255059,126.3128859
애월읍,구엄초뒷편, 제주특별자치도 제주시 애월읍 신엄리 755-4,33.4728885,126.3740724
애월읍,시드니호텔(가문동길4) 앞, 제주특별자치도 제주시 애월읍 하귀2리 2615-6,33.4835915,126.3953886
애월읍,고우니식당 앞(애월해안로 857), 제주특별자치도 제주시 애월읍 하귀2리 2799-2,33.4882374,126.3896090
애월읍,동동네, 제주특별자치도 제주시 애월읍 상귀리 257-4,33.4736950,126.4112704
애월읍,장전보건소(하소로353) 북측, 제주특별자치도 제주시 애월읍 하소로 353,33.4511275,126.3909930
애월읍,보르미마을, 제주특별자치도 제주시 애월읍 고성리 1449-1,33.4653310,126.4097224
애월읍,계원동 정류장 옆, 제주특별자치도 제주시 애월읍 어림비로 279,33.4100408,126.3340242
애월읍,길하우스 인근 주차장, 제주특별자치도 제주시 애월읍 광령리 산24-3,33.4546241,126.4393426
애월읍,용흥6길입구 버스정류장 맞은편, 제주특별자치도 제주시 애월읍 신엄리 1807-1,33.4567605,126.3676622
애월읍,납읍리 1609-5 앞, 제주특별자치도 제주시 애월읍 납읍리 1609-5,33.4384500,126.3317139
애월읍,광상로 310 동측도로, 제주특별자치도 제주시 애월읍 유수암리 2017-3,33.4431931,126.4004856
애월읍,광령초원빌라 앞(광령북7길 71), 제주특별자치도 제주시 애월읍 광령리 1417-1,33.4654746,126.4375966
애월읍,관광대체육관옆(광령리 2615), 제주특별자치도 제주시 애월읍 광령리 2607-6,33.4462453,126.4333955
애월읍,광령5길 18번지 앞, 제주특별자치도 제주시 애월읍 광령5길 18,33.4621384,126.4357708
애월읍,소앵동(상귀리 1357), 제주특별자치도 제주시 애월읍 상귀리 1279-2,33.4641831,126.4021926
애월읍,해오름어린이집 옆, 제주특별자치도 제주시 애월읍 구엄리 873-12,33.4764039,126.3793794
애월읍,거문덕이, 제주특별자치도 제주시 애월읍 유수암리 1574-4,33.4312151,126.3993762
애월읍,하귀동민회관 옆(학원동), 제주특별자치도 제주시 애월읍 하귀2리 2122-4,33.4732339,126.4000907
애월읍,예평교회 둥지어린이집 주변, 제주특별자치도 제주시 애월읍 하광로 208,33.4696036,126.4190756
애월읍,하귀2리 2101-3 도로, 제주특별자치도 제주시 애월읍 하귀로23길 58,33.4751787,126.4034913
애월읍,애월중 북측길, 제주특별자치도 제주시 애월읍 애월리 415-2,33.4656028,126.3243667
애월읍,후거프라이빗펜션 주변, 제주특별자치도 제주시 애월읍 하귀1리 437-4,33.4891181,126.4113943
애월읍,안남동 인근, 제주특별자치도 제주시 애월읍 하귀1리 1367-2,33.4831328,126.4075237
애월읍,하귀2리 3020 도로 퐁낭아래, 제주특별자치도 제주시 애월읍 학원동길 4,33.4730658,126.3966731
애월읍,소길운동장 위쪽 삼거리, 제주특별자치도 제주시 애월읍 소길리 793-3,33.4346592,126.3793884
애월읍,사라길 133 앞, 제주특별자치도 제주시 애월읍 사라길 133 ,33.4702928,126.4448633
애월읍,상귀반석, 제주특별자치도 제주시 애월읍 항몽로 95,33.4759477,126.4096584
애월읍,교회교육원, 제주특별자치도 제주시 애월읍 하귀26길 4-1,33.4800546,126.3957727
애월읍,애월119센타, 제주특별자치도 제주시 애월읍 고내리 216-1,33.4667445,126.3491922
애월읍,한라주유소옆, 제주특별자치도 제주시 애월읍 광령리 2602-1,33.4447410,126.4333439
애월읍,새마을금고 북측, 제주특별자치도 제주시 애월읍 항몽로 3,33.4832268,126.4043895
애월읍,묘연사 주변, 제주특별자치도 제주시 애월읍 하귀1리 53-5,33.4845562,126.4204300
애월읍,구엄정자 옆(노인복지가는길), 제주특별자치도 제주시 애월읍 중구엄길 39,33.4780708,126.3745786
애월읍,서성동, 제주특별자치도 제주시 애월읍 봉성리 4096-4,33.4171999,126.3111924
애월읍,금성리 599-4 안, 제주특별자치도 제주시 애월읍 금성리 599-4,33.4447647,126.3003626
애월읍,만미식품 남쪽, 제주특별자치도 제주시 애월읍 수산리 2004-1,33.4706817,126.3799986
애월읍,광령초등학교 후문, 제주특별자치도 제주시 애월읍 광령4길 28,33.4589274,126.4361732
애월읍,애월체육관, 제주특별자치도 제주시 애월읍 일주서로 6349,33.4629688,126.3319813
애월읍,애월읍사무소 동측 주차장, 제주특별자치도 제주시 애월읍 일주서로 6322,33.4621468,126.3291907
애월읍,광령리 956건물 건너편 북동쪽, 제주특별자치도 제주시 애월읍 광령리 901-2,33.4498926,126.4384000
애월읍,선운정사 앞, 제주특별자치도 제주시 애월읍 구몰동길 65,33.4293581,126.3071485
애월읍,중화동회관 앞, 제주특별자치도 제주시 애월읍 봉성로3길 17,33.4191539,126.3106284
애월읍,납읍리 1595-2 앞, 제주특별자치도 제주시 애월읍 납읍리 1595-2,33.4373946,126.3316938
애월읍,신엄리 725-1번지 앞 도로, 제주특별자치도 제주시 애월읍 신엄리 725-1,33.4697421,126.3725892
애월읍,무료주차장 서측 삼거리, 제주특별자치도 제주시 애월읍 신엄리 1724-2,33.4621132,126.3669119
애월읍,용흥리 향기마을 자연체험장, 제주특별자치도 제주시 애월읍 용흥2길 39,33.4602524,126.3665101
애월읍,세한빌라 앞쪽, 제주특별자치도 제주시 애월읍 하귀1리 1603-1,33.4848386,126.4057311
애월읍,탐라노인복지센터 앞, 제주특별자치도 제주시 애월읍 답동3길 18,33.4765831,126.4064739
애월읍,해경관사, 제주특별자치도 제주시 애월읍 상하귀길 40-26,33.4749379,126.4121507
애월읍,솔베이지펜션 맞은편, 제주특별자치도 제주시 애월읍 광상로 115,33.4465482,126.4179803
애월읍,원광요양원 내, 제주특별자치도 제주시 애월읍 고성남길 101,33.4289561,126.4307092
애월읍,광령빌라 입구, 제주특별자치도 제주시 애월읍 중산간서로 6566-1,33.4627704,126.4307112
애월읍,올레해오름펜션, 제주특별자치도 제주시 애월읍 광령평화2길 142-15,33.4322687,126.4331166
애월읍,유정연립, 제주특별자치도 제주시 애월읍 광령남3길 49,33.4513574,126.4324930
애월읍,광령자종길 47 앞, 제주특별자치도 제주시 애월읍 광령자종길 54,33.4670815,126.4215640
구좌읍,김녕성세기해변 주차장, 제주특별자치도 제주시 구좌읍 해맞이해안로 9,33.5568745,126.7604556
구좌읍,김녕미로공원 내부, 제주특별자치도 제주시 구좌읍 만장굴길 122,33.5362945,126.7720257
구좌읍,만장굴주차장, 제주특별자치도 제주시 구좌읍 만장굴길 182,33.5283774,126.7716157
구좌읍,김녕리 1223-19앞 해안변, 제주특별자치도 제주시 구좌읍 김녕로21길 21,33.5577622,126.7552017
구좌읍,김녕관광단지내 주차장, 제주특별자치도 제주시 구좌읍 김녕리 492,33.5582702,126.7628946
구좌읍,김녕어촌계창고 앞, 제주특별자치도 제주시 구좌읍 김녕리 1247,33.5564498,126.7534782
구좌읍,임풍해장국앞, 제주특별자치도 제주시 구좌읍 김녕로 141,33.5555767,126.7529637
구좌읍,김녕리 1466-2 앞, 제주특별자치도 제주시 구좌읍 김녕리 1466-2,33.5565646,126.7525192
구좌읍,김녕중학교 안(뒷길 주차장), 제주특별자치도 제주시 구좌읍 김녕로 118-20,33.5526193,126.7506808
구좌읍,동부보건소 앞 , 제주특별자치도 제주시 구좌읍 김녕로 118,33.5545496,126.7507703
구좌읍,김녕초등학교 뒤, 제주특별자치도 제주시 구좌읍 김녕로11길 14-1,33.5556001,126.7500239
구좌읍,한국에너지기술연구원제주글로벌연구센터 내부, 제주특별자치도 제주시 구좌읍 해맞이해안로 200,33.5633740,126.7738140
구좌읍,김녕하나로마트 옆 골목(미쓰김녕 앞), 제주특별자치도 제주시 구좌읍 김녕로9길 7,33.5546277,126.7484578
구좌읍,영월갈비 옆, 제주특별자치도 제주시 구좌읍 김녕로 93,33.5543408,126.7479547
구좌읍,김녕서운타운앞, 제주특별자치도 제주시 구좌읍 김녕항3길 7,33.5562704,126.7469831
구좌읍,운동기구앞, 제주특별자치도 제주시 구좌읍 김녕리 3722,33.5571535,126.7472760
구좌읍,해녀장터 옆,제주특별자치도 제주시 구좌읍 김녕항1길 30,33.5577203,126.7446259
구좌읍,김녕리 백련사 맞은편,제주특별자치도 제주시 구좌읍 김녕로 45,33.5555006,126.7433742
구좌읍,빨간풍차펜션 앞,제주특별자치도 제주시 구좌읍 김녕남2길 36,33.5486534,126.7423151
구좌읍,김녕요트투어 앞 작은공원, 제주특별자치도 제주시 구좌읍 구좌해안로 229-16,33.5582322,126.7371770
구좌읍,선유어린이집 앞 대도로변,제주특별자치도 제주시 구좌읍 김녕리 4402,33.5555055,126.7351449
구좌읍,피노&키오 앞 도로변, 제주특별자치도 제주시 구좌읍 일주동로 1853,33.5563820,126.7293553
구좌읍,소망요양원 뒤 공터, 제주특별자치도 제주시 구좌읍 동김길 150,33.5475774,126.7315290
구좌읍,윈드스톤비치 펜션, 제주특별자치도 제주시 구좌읍 동김길 162-20,33.5460045,126.7315596
구좌읍,구좌체육관 주차장,제주특별자치도 제주시 구좌읍 김녕리 497-6,33.5553552,126.7616810
구좌읍,덕천교회, 제주특별자치도 제주시 구좌읍 월덕로 522,33.5051181,126.7714614
구좌읍,덕천리 복지회관 맞은편,제주특별자치도 제주시 구좌읍 덕천리 245,33.5020036,126.7711864
구좌읍,상덕천,제주특별자치도 제주시 구좌읍 덕천리 1264-1,33.4848237,126.7478589
구좌읍,상덕천버스정거장옆,제주특별자치도 제주시 구좌읍 덕천리 1181,33.4836111,126.7462290
구좌읍,취락구조(동산아래),제주특별자치도 제주시 구좌읍 동복리 1428-5,33.5513075,126.7126261
구좌읍,취락구조(동산위),제주특별자치도 제주시 구좌읍 동복리 1705-109,33.5497719,126.7092264
구좌읍,학교살리기빌라, 제주특별자치도 제주시 구좌읍 조천우회로 988,33.5481875,126.7067962
구좌읍,농업회사법인에그팜 앞,제주특별자치도 제주시 구좌읍 동복리 766-1,33.5522626,126.7206016
구좌읍,상도리 패밀리하우스 앞, 제주특별자치도 제주시 구좌읍 상도로 3,33.5140901,126.8659396
구좌읍,125전경대 부지안,제주특별자치도 제주시 구좌읍 세종로 201,33.5074807,126.8779871
구좌읍,코코코게스트하우스서쪽사거리,제주특별자치도 제주시 구좌읍 상도리 412,33.5159702,126.8674244
구좌읍,상도리 460-18 앞,제주특별자치도 제주시 구좌읍 상도리 460-18,33.5162522,126.8685374
구좌읍,상도리공원 정자 앞,제주특별자치도 제주시 구좌읍 상도리 469-18,33.5201973,126.8655184
구좌읍,구좌읍사무소 옆,제주특별자치도 제주시 구좌읍 세화리 1561-6,33.5225417,126.8524684
구좌읍,세화중학교 안, 제주특별자치도 제주시 구좌읍 일주동로 3132,33.5213339,126.8532400
구좌읍,동녁도서관 안, 제주특별자치도 제주시 구좌읍 일주동로 3148,33.5204629,126.8545567
구좌읍,전향동복지회관 앞,제주특별자치도 제주시 구좌읍 세화리 1139-1,33.5192115,126.8553922
구좌읍,세화리 875-3 앞,제주특별자치도 제주시 구좌읍 세화리 875-3,33.5175532,126.8572499
구좌읍,합전동복지회관 주차장, 제주특별자치도 제주시 구좌읍 세송로 17,33.5165299,126.8601567
구좌읍,세화해수욕장 공중화장실 앞, 제주특별자치도 제주시 구좌읍 해맞이해안로 1465,33.5248451,126.8620520
구좌읍,세화리 통항동회관 앞, 제주특별자치도 제주시 구좌읍 세화11길 22,33.5228300,126.8612189
구좌읍,영주카센터 근처, 제주특별자치도 제주시 구좌읍 세화14길 6,33.5205500,126.8603641
구좌읍,구좌보건지소 앞골목, 제주특별자치도 제주시 구좌읍 세화12길 12-1,33.5198858,126.8593456
구좌읍,구좌농협남쪽100m지점, 제주특별자치도 제주시 구좌읍 세화10길 5-1,33.5204952,126.8585229
구좌읍,투다모아 물류센터서쪽 팽나무옆, 제주특별자치도 제주시 구좌읍 세화8길 10 ,33.5216722,126.8572249
구좌읍,세화초등학교 후문(훈일카센터 건너편), 제주특별자치도 제주시 구좌읍 세화7길 12,33.5229298,126.8591058
구좌읍,세화리 미리내빌 앞,제주특별자치도 제주시 구좌읍 세화리 1544-5,33.5222694,126.8553468
구좌읍,MARE1440 카페 앞(GS25 앞),제주특별자치도 제주시 구좌읍 세화리 1477-37,33.5247251,126.8594267
구좌읍,세화바당 음식점 맞은편,제주특별자치도 제주시 구좌읍 세화리 1515-2,33.5244580,126.8546945
구좌읍,공용주차장,제주특별자치도 제주시 구좌읍 세화리 1491-3,33.5242429,126.8565510
구좌읍,공용주차장, 제주특별자치도 제주시 구좌읍 세화3길 18,33.5250434,126.8559525
구좌읍,세화오일시장, 제주특별자치도 제주시 구좌읍 해맞이해안로 1412,33.5261952,126.8572966
구좌읍,세화리 3641-4 앞,제주특별자치도 제주시 구좌읍 세화리 3641-4,33.5273102,126.8560125
구좌읍,대천동사거리,제주특별자치도 제주시 구좌읍 번영로 2005,33.4364592,126.7358899
구좌읍,구좌중앙초 안,제주특별자치도 제주시 구좌읍 월정7길 1,33.5516655,126.7975261
구좌읍,그라빠 음식점 옆,제주특별자치도 제주시 구좌읍 월정5길 18-1,33.5524840,126.7960355
구좌읍,월정마을회관 앞,제주특별자치도 제주시 구좌읍 월정3길 57,33.5558835,126.7951309
구좌읍,월정리 해안포구 입구,제주특별자치도 제주시 구좌읍 월정리 555-2,33.5570948,126.7944143
구좌읍,월정리 용천동 입구,제주특별자치도 제주시 구좌읍 월정리 1321-13,33.5513147,126.7823227
구좌읍,월정리 마을입구,제주특별자치도 제주시 구좌읍 월정리 306-4,33.5520103,126.7915707
구좌읍,저류지 앞,제주특별자치도 제주시 구좌읍 월정리 797-22,33.5563803,126.7907678
구좌읍,소금바치순이네 근처, 제주특별자치도 제주시 구좌읍 해맞이해안로 2196,33.5036680,126.9126369
구좌읍,아모르게스트하우스앞,제주특별자치도 제주시 구좌읍 종달리 1396-1,33.5097193,126.9033884
구좌읍,일주로 GS편의점 서측,제주특별자치도 제주시 구좌읍 평대리 127-1,33.5239672,126.8511390
구좌읍,당근창고 앞,제주특별자치도 제주시 구좌읍 평대9길 15-2,33.5262627,126.8500330
구좌읍,평대 9길 25 건너편, 제주특별자치도 제주시 구좌읍 평대9길 27,33.5264446,126.8509401
구좌읍,하나로마트 뒤편 주차장, 제주특별자치도 제주시 구좌읍 평대13길 26,33.5250952,126.8527166
구좌읍,만조소머리곰탕 앞, 제주특별자치도 제주시 구좌읍 평대13길 54,33.5270357,126.8545873
구좌읍,서련빌리지 앞, 제주특별자치도 제주시 구좌읍 평대9길 54,33.5276123,126.8528486
구좌읍,평촌양식장  밀물수산 입구,제주특별자치도 제주시 구좌읍 해맞이해안로 1336,33.5293941,126.8517414
구좌읍,명진전복 앞, 제주특별자치도 제주시 구좌읍 해맞이해안로 1284,33.5323373,126.8503822
구좌읍,평대리 566-3 해안변, 제주특별자치도 제주시 구좌읍 평대7길 57,33.5326159,126.8445760
구좌읍,평대리사무소 북측 골목 삼거리, 제주특별자치도 제주시 구좌읍 평대7길 24,33.5303126,126.8439097
구좌읍,평대리사무소 주차장, 제주특별자치도 제주시 구좌읍 일주동로 3007,33.5283857,126.8427609
구좌읍,평대초등학교 후문 골목길, 제주특별자치도 제주시 구좌읍 평대5길 7,33.5298119,126.8400267
구좌읍,평대오길안 펜션 앞 놀이터(감수굴 놀이터 옆), 제주특별자치도 제주시 구좌읍 평대5길 43,33.5325701,126.8420454
구좌읍,평대해수욕장 클린하우스,제주특별자치도 제주시 구좌읍 평대리 1994-6,33.5329720,126.8407499
구좌읍,대수굴 옆,제주특별자치도 제주시 구좌읍 평대리 2026-16,33.5350926,126.8399914
구좌읍,해안변 거치대, 제주특별자치도 제주시 구좌읍 대수길 26-1,33.5368891,126.8381547
구좌읍,평대주유소 옆 골목, 제주특별자치도 제주시 구좌읍 일주동로 2948,33.5306264,126.8370619
구좌읍,동제주종합사회복지관 입구, 제주특별자치도 제주시 구좌읍 평대12길 15,33.5230165,126.8487397
구좌읍,평대리 282-3 앞,제주특별자치도 제주시 구좌읍 평대리 282-3,33.5214892,126.8465466
구좌읍,하나로마트 남측 골목길, 제주특별자치도 제주시 구좌읍 세평항로 7-1,33.5242923,126.8527678
구좌읍,마니펜션 앞,제주특별자치도 제주시 구좌읍 평대리 2947-7,33.4908504,126.8135826
구좌읍,별방촌식당 앞,제주특별자치도 제주시 구좌읍 하도리 3200-19,33.5252021,126.8635331
구좌읍,하도리 3207 운동장 옆,제주특별자치도 제주시 구좌읍 하도리 3359-60,33.5222888,126.8668184
구좌읍,하도리 면수동회관 앞, 제주특별자치도 제주시 구좌읍 면수길 7,33.5215097,126.8677062
구좌읍,삼다도빌라,제주특별자치도 제주시 구좌읍 하도리 3314-24,33.5186809,126.8682553
구좌읍,하도리 반석주택,제주특별자치도 제주시 구좌읍 일주동로 3280,33.5180772,126.8686747
구좌읍,하도초등학교 안,제주특별자치도 제주시 구좌읍 하도리 2321-3,33.5178341,126.8785650
구좌읍,하도 3길 30 옆, 제주특별자치도 제주시 구좌읍 하도3길 29,33.5203802,126.8793834
구좌읍,하도리 1957-1 맞은편,제주특별자치도 제주시 구좌읍 하도리 1972,33.5257543,126.8813806
구좌읍,하도어촌계 양식장 옆,제주특별자치도 제주시 구좌읍 하도서문길 9,33.5282318,126.8811776
구좌읍,하도리 1792-1 밭 삼거리,제주특별자치도 제주시 구좌읍 하도리 1792-1,33.5256933,126.8830356
구좌읍,하도핑크 음식점 앞 팔각정 옆,제주특별자치도 제주시 구좌읍 하도리 1636,33.5226790,126.8831029
구좌읍,답단동산 앞,제주특별자치도 제주시 구좌읍 하도리 730-1 ,33.5157850,126.8894847
구좌읍,동동 저류조 앞,제주특별자치도 제주시 구좌읍 하도리 1130-2,33.5143471,126.8868375
구좌읍,하도어촌체험마을(무인카페), 제주특별자치도 제주시 구좌읍 해맞이해안로 1897-27,33.5200328,126.9040561
구좌읍,철새도래지 앞(하도리 53-2),제주특별자치도 제주시 구좌읍 하도리 947-37,33.5096886,126.8931216
구좌읍,창흥동 입구, 제주특별자치도 제주시 구좌읍 하도13길 6,33.5087075,126.8881332
구좌읍,이런날엔 카페 맞은편,제주특별자치도 제주시 구좌읍 한동리 1358-7,33.5427363,126.8307791
구좌읍,도르멍 쉼팡 옆,제주특별자치도 제주시 구좌읍 해맞이해안로 1088,33.5393599,126.8362507
구좌읍,한동초 동쪽 골목길,제주특별자치도 제주시 구좌읍 한동리 1208,33.5384446,126.8301294
구좌읍,둔지빌,제주특별자치도 제주시 구좌읍 한동로1길 15,33.5362483,126.8278142
구좌읍,상한동경로당 서측, 제주특별자치도 제주시 구좌읍 한동로 64,33.5347955,126.8233312
구좌읍,한동리 2006 앞,제주특별자치도 제주시 구좌읍 한동리 2004-1,33.5331174,126.8198190
구좌읍,인성영농 앞,제주특별자치도 제주시 구좌읍 한동리 1113,33.5370301,126.8246664
구좌읍,서동복지회관 입구, 제주특별자치도 제주시 구좌읍 한동북1길 2,33.5392122,126.8268515
구좌읍,한동게이트볼장 옆,제주특별자치도 제주시 구좌읍 한동리 10-101,33.5399997,126.8332079
구좌읍,주차장, 제주특별자치도 제주시 구좌읍 해맞이해안로 680-6,33.5597985,126.8147095
구좌읍,주차장, 제주특별자치도 제주시 구좌읍 해맞이해안로 680-50,33.5570371,126.8184826
구좌읍,홍당무 민박 인근, 제주특별자치도 제주시 구좌읍 행원로9길 29,33.5552533,126.8094395
구좌읍,행원리사무소 주차장, 제주특별자치도 제주시 구좌읍 행원로7길 18-21,33.5545126,126.8082607
구좌읍,행원 취락구조,제주특별자치도 제주시 구좌읍 행원리 1537-26,33.5546015,126.8005034
구좌읍,행원 방파제, 제주특별자치도 제주시 구좌읍 해맞이해안로 571,33.5567756,126.8057122
구좌읍,행원로 7길 12 북측, 제주특별자치도 제주시 구좌읍 행원로7길 12,33.5548677,126.8068427
구좌읍,행원리 버스정류장 맞은편, 제주특별자치도 제주시 구좌읍 행원로 120,33.5531055,126.8077779
구좌읍,메리엘빌리지 방향,제주특별자치도 제주시 구좌읍 행원로8길 43,33.5499330,126.8055714
구좌읍,수키네민박 주차장, 제주특별자치도 제주시 구좌읍 행원용사촌길 14,33.5355441,126.7954133
구좌읍,폴로경기장주차장,제주특별자치도 제주시 구좌읍 행원리 3258,33.5244482,126.7803277
구좌읍,숲속의 향기 펜션, 제주특별자치도 제주시 구좌읍 덕행로 335,33.5209966,126.7882712
구좌읍,오션뷰1차, 제주특별자치도 제주시 구좌읍 덕행로 450-4,33.5132569,126.7794471
구좌읍,한국해양과학기술연구원, 제주특별자치도 제주시 구좌읍 일주동로 2670,33.5430520,126.8115879
조천읍,신촌이용원 건너편, 제주특별자치도 제주시 조천읍 신촌3길 18,33.5348583,126.6188038
조천읍,서부노인회관 앞, 제주특별자치도 제주시 조천읍 신촌북1길 27,33.5362591,126.6173340
조천읍,신촌리 21펌프장,제주특별자치도 제주시 조천읍 신촌리 2284-5,33.5372790,126.6162038
조천읍,신촌포구 큰물여탕 입구, 제주특별자치도 제주시 조천읍 신촌북3길 4,33.5375204,126.6186223
조천읍,대수동노인정 해녀탈의장 앞 방파제, 제주특별자치도 제주시 조천읍 신촌북2길 31-2,33.5376110,126.6195738
조천읍,동동노인정 동카름 포구, 제주특별자치도 제주시 조천읍 신촌9길 40-1,33.5378780,126.6231495
조천읍,눈큰새우게스트하우스 옆 포구, 제주특별자치도 제주시 조천읍 조천7길 25,33.5385200,126.6352342
조천읍,장목거리 오거리,제주특별자치도 제주시 조천읍 조천11길 22-2,33.5377944,126.6383633
조천읍,조천파출소 옆, 제주특별자치도 제주시 조천읍 신북로 265,33.5386582,126.6399866
조천읍,몽글제주 옆,제주특별자치도 제주시 조천읍 조천리 2908,33.5418389,126.6367089
조천읍,조천어촌계 조천수산 뒤편,제주특별자치도 제주시 조천읍 조천북1길 35-8,33.5419333,126.6343875
조천읍,해양맨션 앞, 제주특별자치도 제주시 조천읍 조천14길 6,33.5369950,126.6396408
조천읍,북촌어촌계사무실 건너편 포구, 제주특별자치도 제주시 조천읍 북촌11길 39,33.5503201,126.6933895
조천읍,제제댁게스트하우스 앞,제주특별자치도 제주시 조천읍 남조로 3020,33.5292060,126.6451043
조천읍,함덕교회 앞,제주특별자치도 제주시 조천읍 함덕서4길 62,33.5397266,126.6667553
조천읍,와흘상동입구,제주특별자치도 제주시 조천읍 와흘로 119,33.4932040,126.6349990
조천읍,소문난할머니국밥옆 농로길 ,제주특별자치도 제주시 조천읍 와흘리 62,33.4748445,126.6550647
조천읍,대흘1리 회전교차로 북측 비포장길,제주특별자치도 제주시 조천읍 대흘리 2341,33.4994571,126.6527957
조천읍,함덕파출소옆 ,제주특별자치도 제주시 조천읍 신북로 515,33.5421792,126.6649591
조천읍,대흘리 520-2,제주특별자치도 제주시 조천읍 대흘리2787,33.4956045,126.6682564
조천읍,대흘2리 버스정류소,제주특별자치도 제주시 조천읍 함와로 312,33.5126957,126.6761773
조천읍,대풍미락 건너편 포구,제주특별자치도 제주시 조천읍 조함해안로 441,33.5462934,126.6613800
조천읍,해수욕장 카라반앞,제주특별자치도 제주시 조천읍 조함해안로 585,33.5442819,126.6740732
조천읍,고집돌우럭 앞,제주특별자치도 제주시 조천읍 조함해안로 468,33.5438814,126.6633193
조천읍,함덕리사무소앞,제주특별자치도 제주시 조천읍 신북로 520,33.5417329,126.6653182
조천읍,함덕남8길 함덕남14길 만나는  삼거리,제주특별자치도 제주시 조천읍 함덕리 290-51,33.5348552,126.6739453
조천읍,함덕 제주장례식장 남측농로길,제주특별자치도 제주시 조천읍 함덕남2길 28,33.5347650,126.6624029
조천읍,동원축산유통앞,제주특별자치도 제주시 조천읍 조천4길 6,33.5344855,126.6325433
조천읍,오션그랜드호텔 기숙사앞 삼거리,제주특별자치도 제주시 조천읍 함덕2길 36,33.5412245,126.6546895
조천읍,함덕오일장 뒤편,제주특별자치도 제주시 조천읍 함덕16길 15-13,33.5402116,126.6679649
조천읍,주차장 내,제주특별자치도 제주시 조천읍 신촌리 529-29,33.5362574,126.6255576
조천읍,선장과 해녀 옆,제주특별자치도 제주시 조천읍 함덕리 1024-3,33.5447641,126.6622840
조천읍,신사동 버스정류소,제주특별자치도 제주시 조천읍 함덕남14길 2,33.5334161,126.6760040
조천읍,닭머루,제주특별자치도 제주시 조천읍 신촌북3길 62,33.5379048,126.6133673
조천읍,이룸아파트앞,제주특별자치도 제주시 조천읍 신촌9길 22,33.5362424,126.6231847
조천읍,해동포구 앞,제주특별자치도 제주시 조천읍 북촌1길43,33.5480356,126.6844944
조천읍,북촌 동포구 ,제주특별자치도 제주시 조천읍 북촌11길 20,33.5500104,126.6953455
조천읍,한사동마을,제주특별자치도 제주시 조천읍 북촌12길 21-1,33.5475302,126.6984942
조천읍,북촌리사무소 건너편,제주특별자치도 제주시 조천읍 일주동로 1511,33.5483296,126.6954207
조천읍,연북정 오거리,제주특별자치도 제주시 조천읍 조천리 2681-2,33.5396208,126.6365098
조천읍,감나무 밭 앞,제주특별자치도 제주시 조천읍 신촌7길 13,33.5356421,126.6212711
조천읍,선흘2리 보건진료소 골목,제주특별자치도 제주시 조천읍 선화길 22,33.4582994,126.7127407
조천읍,선흘2리 마을회관 앞,제주특별자치도 제주시 조천읍 선흘리 1946-1,33.4588907,126.7030229
조천읍,함덕2호어린이공원 남측,제주특별자치도 제주시 조천읍 함덕리 4145-1,33.5392651,126.6736764
조천읍,조천포구 공중화장실옆,제주특별자치도 제주시 조천읍 조천북1길 11-13,33.5409385,126.6355458
조천읍,선흘2리 우진동 입구,제주특별자치도 제주시 조천읍 우진길 34,33.4630321,126.7007606
조천읍,선인동 하늘보리식당 맞대편,제주특별자치도 제주시 조천읍 선교로 196,33.4861388,126.6996047
조천읍,조천농협 뒤 농협주차장,제주특별자치도 제주시 조천읍 조천리 2325-5,33.5358516,126.6380278
조천읍,신촌 준빌라 입구,제주특별자치도 제주시 조천읍 신촌남1길 41,33.5268958,126.6181728
조천읍,전원마을 입구,제주특별자치도 제주시 조천읍 와흘전2길 53,33.4694934,126.6393187
조천읍,교래리사무소 뒤편,제주특별자치도 제주시 조천읍 교래3길 98,33.4317013,126.6746250
조천읍,대진유토피아2차 앞,제주특별자치도 제주시 조천읍 조천12길 14-12,33.5354383,126.6399355
조천읍,성진가스삼거리,제주특별자치도 제주시 조천읍 함덕리 951-2,33.5394993,126.6700019
조천읍,선인동 까망고띠옆 와산방면 매실농장입구,제주특별자치도 제주시 조천읍 선흘리 4018,33.4844556,126.6972637
조천읍,신촌중기 제주물류센터앞,제주특별자치도 제주시 조천읍 신와로 66,33.5223296,126.6162558
조천읍,보이스빌 앞,제주특별자치도 제주시 조천읍 조천리 2204-2,33.5332867,126.6359219
조천읍,일주동로 도로변 영창공업사앞,제주특별자치도 제주시 조천읍 조천리 2281-5,33.5332410,126.6380711
조천읍,원풍해장국앞,제주특별자치도 제주시 조천읍 함덕리 4154,33.5398583,126.6756908
조천읍,신사동야식 식당앞,제주특별자치도 제주시 조천읍 함덕남14길 2,33.5334161,126.6760040
조천읍,교래리사무소 뒤편,제주특별자치도 제주시 조천읍 교래3길 98,33.4317013,126.6746250
조천읍,선흘2리복지회관 보건진료소방향 동쪽500M,제주특별자치도 제주시 조천읍 선진길 42,33.4585690,126.7061713
조천읍,신안동교차로,제주특별자치도 제주시 조천읍 신조로 152,33.5183852,126.6354778
조천읍,함덕순복음교회 남쪽 50M,제주특별자치도 제주시 조천읍 함덕리 2973-1,33.5401762,126.6575379
조천읍,함덕 쉬젠비아체앞,제주특별자치도 제주시 조천읍 함덕12길 39,33.5386442,126.6650561
조천읍,신촌주유소 옆,제주특별자치도 제주시 조천읍 신북로 77,33.5348878,126.6219718
조천읍,함덕4구 게이트볼장 뒤편,제주특별자치도 제주시 조천읍 함덕27길 4-6,33.5406632,126.6755157
조천읍,함덕2구 마을회관 주차장,제주특별자치도 제주시 조천읍 함덕8길 35,33.5403083,126.6634625
조천읍,함덕2구 무료주차장,제주특별자치도 제주시 조천읍 함덕8길 49,33.5388698,126.6634135
조천읍,북촌초등학교 뒤편,제주특별자치도 제주시 조천읍 북촌5길 12,33.5482591,126.6922841
조천읍,다니하우스빌 앞 정잿물,제주특별자치도 제주시 조천읍 북촌북길 58-3,33.5497458,126.6922391
조천읍,동포구 북촌양식장옆,제주특별자치도 제주시 조천읍 북촌13길 23,33.5511123,126.6959875
조천읍,뭉클펜션 앞,제주특별자치도 제주시 조천읍 북촌북길 17-1,33.5481598,126.6905478
조천읍,해피누들 앞,제주특별자치도 제주시 조천읍 함덕16길 25,33.5406856,126.6663857
조천읍,양천상동 제주오름교회앞,제주특별자치도 제주시 조천읍 남조로3길 91,33.5164737,126.6487753
조천읍,황씨 종손가옥 삼거리,제주특별자치도 제주시 조천읍 조천9길 10,33.5368806,126.6368757
조천읍,수암정 서측 50M 포구 ,제주특별자치도 제주시 조천읍 조천리 3095-7,33.5361006,126.6324332
조천읍,북제주교회앞,제주특별자치도 제주시 조천읍 신촌7길 30,33.5365904,126.6221394
조천읍,대수동노인정 동측 70M 지점,제주특별자치도 제주시 조천읍 신촌북2길 38-14,33.5379235,126.6205308
조천읍,범이네농장 맞은편 삼거리,제주특별자치도 제주시 조천읍 신와로 101,33.5200315,126.6187381
조천읍,동수동 낮은울타리,제주특별자치도 제주시 조천읍 신조로 20,33.5174240,126.6217645
조천읍,스카이빌리지 알뜰주유소옆,제주특별자치도 제주시 조천읍 함덕로 9 ,33.5408300,126.6733446
조천읍,길섶나그네앞,제주특별자치도 제주시 조천읍 미래로 242,33.4681922,126.6778666
조천읍,(신촌)조천농협옆 동측 사거리 지점,제주특별자치도 제주시 조천읍 신촌북2길 12 ,33.5361774,126.6197968
조천읍,신촌교회 동측 100M 지점 삼거리,제주특별자치도 제주시 조천읍 신촌북1길 16 ,33.5351892,126.6174634
조천읍,양천하동 마을안 버스정류소앞,제주특별자치도 제주시 조천읍 남조로3길 41 ,33.5207144,126.6480124
조천읍,씨앤빌리지앞 삼거리,제주특별자치도 제주시 조천읍 함덕서4길 11,33.5384861,126.6624474
조천읍,조천읍도서관 서측 드라마빌리지 옆,제주특별자치도 제주시 조천읍 함덕18길 32-1 ,33.5379709,126.6692638
조천읍,신촌다목적체육관,제주특별자치도 제주시 조천읍 신촌4길 2 ,33.5329419,126.6193713
조천읍,신촌초등학교 후문앞,제주특별자치도 제주시 조천읍 신촌리 1861-2,33.5346435,126.6191866
조천읍,명지어린이집 남측방향 농로길 200M,제주특별자치도 제주시 조천읍 조천남4길 41,33.5308812,126.6400685
조천읍,편백숲마을 입구,제주특별자치도 제주시 조천읍 와흘리 산38,33.4598174,126.6543511
조천읍,초록마을앞,제주특별자치도 제주시 조천읍 와흘리 245-16,33.4745338,126.6460248
조천읍,동야루별장앞 북측방향,제주특별자치도 제주시 조천읍 대흘9길 23 ,33.4949039,126.6696344
조천읍,현대크레인 북측,제주특별자치도 제주시 조천읍 조천1길 4,33.5355950,126.6314179
조천읍,우리동네빵파티 옆,제주특별자치도 제주시 조천읍 신북로 237 ,33.5369420,126.6378500
조천읍,조천 해안도로 문개항아리옆,제주특별자치도 제주시 조천읍 조함해안로 217-1 ,33.5535045,126.6439908
조천읍,북촌경로당앞,제주특별자치도 제주시 조천읍 북촌7길 17,33.5493508,126.6932193
조천읍,북촌 대상다려마을앞,제주특별자치도 제주시 조천읍 일주동로 1574 ,33.5509830,126.7013528
조천읍,까사델마마 북측방향 주차장,제주특별자치도 제주시 조천읍 신촌서5길 103 ,33.5362259,126.6150895
조천읍,쁘띠어린이집 옆,제주특별자치도 제주시 조천읍 신촌서5길 102,33.5364192,126.6152140
조천읍,열방대학앞 북측방향,제주특별자치도 제주시 조천읍 북흘로 135 ,33.5373334,126.7020049
조천읍,조천읍 주민자치센터 옆,제주특별자치도 제주시 조천읍 신북로 194,33.5344000,126.6341880
조천읍,조천성당앞,제주특별자치도 제주시 조천읍 조천2길 19 ,33.5328503,126.6316094
조천읍,조천 상동노인정앞,제주특별자치도 제주시 조천읍 조천5길 3,33.5357700,126.6353930
조천읍,덕인당빵집 뒤편,제주특별자치도 제주시 조천읍 신촌2길 14 ,33.5317914,126.6191552
조천읍,세계자연유산내 주차장앞,제주특별자치도 제주시 조천읍 선교로 569-36 ,33.4568773,126.7142801
조천읍,새미마을앞,제주특별자치도 제주시 조천읍 대흘남길 31 ,33.4726777,126.6625963
조천읍,해안도로-반디앤로제이 사이,제주특별자치도 제주시 조천읍 조천리 917-3,33.5464223,126.6413020
조천읍,교래 자연휴양림 관리사무소 뒤편,제주특별자치도 제주시 조천읍 남조로 2023 ,33.4513670,126.6567103
조천읍,돌카롱 사려니숲길점 옆 좁은길,제주특별자치도 제주시 조천읍 비자림로 422-25,33.4257159,126.6581572
조천읍,수자원본부 내,제주특별자치도 제주시 조천읍 중산간동로 601 ,33.4996252,126.6501418
조천읍,북촌 북측버스정류소 북측 20M지점,제주특별자치도 제주시 조천읍 일주동로 1511 ,33.5483296,126.6954207
조천읍,북촌장례식장 내,제주특별자치도 제주시 조천읍 북선로 144 ,33.5274360,126.6860986
조천읍,에코촌유스호텔 주차장,제주특별자치도 제주시 조천읍 북흘로 376-9 ,33.5169012,126.7037448
조천읍,닭머루클린하우스 동측방면 거치대,제주특별자치도 제주시 조천읍 신촌북3길 43,33.5375705,126.6151357
조천읍,신촌교회방면 조천중학교 후문 내,제주특별자치도 제주시 조천읍 신북로 31 ,33.5328218,126.6169767
조천읍,동카름식당 동쪽 50M 지점,제주특별자치도 제주시 조천읍 신촌11길 26-14,33.5374488,126.6241348
조천읍,동수동 마을회관 내,제주특별자치도 제주시 조천읍 신조로 56 ,33.5187250,126.6255750
조천읍,건미삭당 맞은편,제주특별자치도 제주시 조천읍 신북로 61 ,33.5340345,126.6204816
조천읍,스위스마을내 주차장앞,제주특별자치도 제주시 조천읍 와산서1길 34 ,33.4939628,126.6757182
조천읍,편백숲마을 정류장 서쪽 좁은길 164m지점,제주특별자치도 제주시 조천읍 와흘리 산 13-39 ,33.4614746,126.6592673
조천읍,예천전문요양원 뒤편,제주특별자치도 제주시 조천읍 종인내길 69 ,33.5003843,126.6204367
조천읍,동물위생시험소 내,제주특별자치도 제주시 조천읍 번영로 941 ,33.4760681,126.6388628
조천읍,전원마을회관앞,제주특별자치도 제주시 조천읍 와흘전2길 51-20,33.4692650,126.6401997
조천읍,시인의집옆 공터,제주특별자치도 제주시 조천읍 신북로 195,33.5356596,126.6337224
조천읍,연북정오거리 해안도로변 김희수 생가터 ,제주특별자치도 제주시 조천읍 조천리 2700,33.5403982,126.6367183
조천읍,삼성빌리지 공터 주차장앞,제주특별자치도 제주시 조천읍 조천리 2653-1,33.5399501,126.6387943
조천읍,함덕중학교 내,제주특별자치도 제주시 조천읍 일주동로 1234 ,33.5368109,126.6726307
조천읍,신흥~함덕사이 럭키비치빌앞,제주특별자치도 제주시 조천읍 함덕3길 41 ,33.5463419,126.6552352
조천읍,호끌락다락 앞,제주특별자치도 제주시 조천읍 함덕10길 6 ,33.5417478,126.6640267
조천읍,함덕오일시장 내,제주특별자치도 제주시 조천읍 함덕16길 15-13 ,33.5402116,126.6679649
조천읍,함덕원광어린이집 내,제주특별자치도 제주시 조천읍 함덕20길 42 ,33.5382590,126.6668466
한경면,판포 취락구조,제주특별자치도 제주시 한경면 판포2길 15,33.3629947,126.1996024
한경면,금등마을회관 옆,제주특별자치도 제주시 한경면 금등리 612-3,33.3604452,126.1956424
한경면,두모리 건강쉼터 주변공간,제주특별자치도 제주시 한경면 두신로 118-6,33.3529169,126.1855640
한경면,마을회관 로타리 무료주차장,제주특별자치도 제주시 한경면 두모리 1402 ,33.3356639,126.1966688
한경면,한원리 남동 물통,제주특별자치도 제주시 한경면 두모리 1502 ,33.3370755,126.1953147
한경면,마을 안 길,제주특별자치도 제주시 한경면 두모리 1270-8 ,33.3336034,126.1976735
한경면,낙천리사무소 주차장,제주특별자치도 제주시 한경면 낙수로 117,33.3265697,126.2276027
한경면,수협 옆,제주특별자치도 제주시 한경면 두신로 54,33.3478495,126.1828441
한경면,리사무소뒤 주차장,제주특별자치도 제주시 한경면 조수7길 55,33.3374396,126.2288111
한경면,저지리 영상센터 옆,제주특별자치도 제주시 한경면 저지12길 53,33.3398477,126.2623618
한경면,저지리사무소 앞,제주특별자치도 제주시 한경면 저지리 1783-2 ,33.3331366,126.2566005
한경면,명이동(물통오리식당 맞은편 관정),제주특별자치도 제주시 한경면 저지리 3040,33.3197110,126.2703198
한경면,자구내포구 화장실 옆,제주특별자치도 제주시 한경면 노을해안로 1161,33.3093601,126.1651419
한경면,청수편의점 맞은편,제주특별자치도 제주시 한경면 청수리 1634-1,33.3215107,126.2450045
한경면,산양보건소 정문 앞,제주특별자치도 제주시 한경면 연명로 8-1,33.2926810,126.2336974
한경면,한경농협창고옆,제주특별자치도 제주시 한경면 불그못로 72,33.2955798,126.2178898
한경면,칠전동회관 주차장,제주특별자치도 제주시 한경면 칠전로 148,33.2974297,126.1950582
한경면,저류지 접 도로변(서종수),제주특별자치도 제주시 한경면 고산리 1296-6 ,33.3067309,126.1854738
한경면,도로변 금성물류 입구쪽,제주특별자치도 제주시 한경면 용고로 89,33.3010624,126.1790868
한경면,한장동 농협창고 옆,제주특별자치도 제주시 한경면 고산리 3818-1,33.2906260,126.1679993
한경면,주전동(창고주변),제주특별자치도 제주시 한경면 주전길 96,33.3346404,126.1752800
한경면,창고옆 공터,제주특별자치도 제주시 한경면 용수리 1111-1,33.3330329,126.1793466
한경면,어촌계창고앞,제주특별자치도 제주시 한경면 신창리 368-1,33.3480578,126.1815377
한경면,신창리사무소앞 주차장,제주특별자치도 제주시 한경면 한경해안로 586,33.3452988,126.1810963
한경면,오수처리장,제주특별자치도 제주시 한경면 판포리 1600-2,33.3706627,126.2068694
한경면,리사무소옆(항내물)택시탑승,제주특별자치도 제주시 한경면 고산리 1890-27,33.3022168,126.1877753
한경면,농협창고(신협맞은편),제주특별자치도 제주시 한경면 저지리 1504-6 ,33.3278682,126.2535034
한경면,용수보건소 주차장(리사무소),제주특별자치도 제주시 한경면 용수리 4107-6,33.3252837,126.1683655
한경면,농협창고옆(중동),제주특별자치도 제주시 한경면 판포중길 33-50,33.3583571,126.2028995
한경면,한국통신사원아파트앞,제주특별자치도 제주시 한경면 고산리 2609-4 ,33.3075321,126.1790437
한경면,한경농협마트,제주특별자치도 제주시 한경면 신한로 76,33.3465578,126.1906297
한경면,고산리사무소 옆(좌),제주특별자치도 제주시 한경면 고락로 30,33.3030737,126.1827954
한경면,고산리사무소 옆(우),제주특별자치도 제주시 한경면 고락로 30,33.3030737,126.1827954
한경면,농협창고옆(전답동),제주특별자치도 제주시 한경면 고산리 250 ,33.2959741,126.2050230
한경면,조수삼거리 뒤 공터,제주특별자치도 제주시 한경면 조수리 1302-3,33.3358535,126.2267581
한경면,명리동 알동네식당 옆골목안,제주특별자치도 제주시 한경면 저지리 3215-5,33.3169010,126.2668391
한경면,북호동 입구 사거리,제주특별자치도 제주시 한경면 두모리 602-8 ,33.3400746,126.2012227
한경면,파인힐 골목(농협로터리~한원방향),제주특별자치도 제주시 한경면 신한로 111-15,33.3434240,126.1937430
한경면,정자골목쪽,제주특별자치도 제주시 한경면 두모리 1308-7,33.3343932,126.1956072
한경면,금등리경로당 동측 오거리,제주특별자치도 제주시 한경면 금등리 179,33.3435186,126.2124073
한경면,싱게물공원,제주특별자치도 제주시 한경면 신창리 1326,33.3427418,126.1736021
한경면,고학로64가기전도로변(사거리),제주특별자치도 제주시 한경면 고산리 1885-13,33.3024628,126.1861929
한경면,신수동방송국입구(신물),제주특별자치도 제주시 한경면 고산리 451,33.3030201,126.1983593
한경면,수동회관,제주특별자치도 제주시 한경면 저지리 1197-1 ,33.3370523,126.2363406
한경면,신명동 포구,제주특별자치도 제주시 한경면 판포1길 47,33.3639321,126.1966223
한경면,판포어촌계 식당 앞,제주특별자치도 제주시 한경면 일주서로 4542,33.3648654,126.2011642
한경면,판포 산8번지 비체올린 입구,제주특별자치도 제주시 한경면 판포리 726,33.3487345,126.2180837
한경면,마을 안 길(회관 서측길),제주특별자치도 제주시 한경면 금등리 558 ,33.3593357,126.1955432
한경면,IGH호델입구,제주특별자치도 제주시 한경면 금등리 639,33.3637586,126.1940260
한경면,금등양식장 진입로 삼거리,제주특별자치도 제주시 한경면 금등리 649-3,33.3621542,126.1901544
한경면,두모방파제 공유수면,제주특별자치도 제주시 한경면 두모11길 56,33.3575453,126.1823097
한경면,한경철물 앞 공터,제주특별자치도 제주시 한경면 두모리 2876-4,33.3513603,126.1839167
한경면,광어양식장 공유수면,제주특별자치도 제주시 한경면 두모1길 25,33.3508675,126.1809778
한경면,신흥동 마을 끝 삼거리,제주특별자치도 제주시 한경면 성굴로 54,33.3372534,126.1856199
한경면,한경주유소 앞,제주특별자치도 제주시 한경면 신창리 233-1,33.3498642,126.1844735
한경면,상동(창고 맞은편)한경농협쪽,제주특별자치도 제주시 한경면 신창리 193-2,33.3481103,126.1879684
한경면,신창초중학교 주차장,제주특별자치도 제주시 한경면 두신로 72,33.3491775,126.1845866
한경면,영진수산 양식장 앞,제주특별자치도 제주시 한경면 용수리 3897-2,33.3354356,126.1632445
한경면,어촌계사무실 옆,제주특별자치도 제주시 한경면 용수리 4117-3,33.3242252,126.1664217
한경면,전경초소 앞,제주특별자치도 제주시 한경면 용수리 4229-2,33.3246102,126.1632737
한경면,낙천안~수룡동방면(이음빌리지),제주특별자치도 제주시 한경면 낙산로 150,33.3116988,126.2314794
한경면,조수약천교회옆 도로변,제주특별자치도 제주시 한경면 낙수로 60,33.3309694,126.2245251
한경면,어멍식당 앞,제주특별자치도 제주시 한경면 불그못로 100,33.2967831,126.2203294
한경면,불그못로35-2앞,제주특별자치도 제주시 한경면 조수리 3980-4 ,33.2941920,126.2147479
한경면,생각하는 정원,제주특별자치도 제주시 한경면 녹차분재로 678,33.3264195,126.2553564
한경면,저청초등학교안 주차장,제주특별자치도 제주시 한경면 청수리 416-1 ,33.3258460,126.2517736
한경면,유리의 성 주차장내,제주특별자치도 제주시 한경면 녹차분재로 462,33.3146325,126.2736668
한경면,저지파출소 옆,제주특별자치도 제주시 한경면 저지리 1799-1,33.3351355,126.2567820
한경면,현대미술관 인근,제주특별자치도 제주시 한경면 저지리 2114-79,33.3404170,126.2649664
한경면,비밀의 정원(유리성~녹차밭사이),제주특별자치도 제주시 한경면 녹차분재로 354,33.3082606,126.2815265
한경면,환상숲,제주특별자치도 제주시 한경면 녹차분재로 594-1,33.3226049,126.2632391
한경면,청수리간이집하장 앞,제주특별자치도 제주시 한경면 청수리1566-5,33.3182122,126.2468262
한경면,평화박물관 입구,제주특별자치도 제주시 한경면 청수서5길 55-1,33.3052541,126.2506899
한경면,애서원 입구,제주특별자치도 제주시 한경면 청수동4길 30,33.3194251,126.2507085
한경면,덕암헌 지나 골목안쪽,제주특별자치도 제주시 한경면 청수리 산2-1,33.3079981,126.2605692
한경면,청수 캠핑장(펜션),제주특별자치도 제주시 한경면 낙수로 271-40,33.3238526,126.2389466
한경면,청수타운하우스 인근,제주특별자치도 제주시 한경면 청수서2길 72-15,33.3130806,126.2436889
한경면,자구내 (해양파출소),제주특별자치도 제주시 한경면 고산리 3616-25,33.3091495,126.1656406
한경면,태권도장 삼거리,제주특별자치도 제주시 한경면 고산로6길 16,33.3064538,126.1803296
한경면,뷰티고 주차장,제주특별자치도 제주시 한경면 용고로 70,33.3003705,126.1813450
한경면,고산2회관 남측 골목,제주특별자치도 제주시 한경면 고산남8길 7,33.3020485,126.1924602
한경면,고산2회관 옆골목,제주특별자치도 제주시 한경면 고산남6길 21,33.3013366,126.1912313
한경면,원광요양원앞,제주특별자치도 제주시 한경면 고산남3길 31,33.3047796,126.1889256
한경면,한경면 청수리 2503-1 맞은편,제주특별자치도 제주시 한경면 수룡2길 11,33.3084087,126.2398659
한경면,수룡동 농협창고옆,제주특별자치도 제주시 한경면 수룡4길 1,33.3104177,126.2387968
한경면,수룡동 마을 안길 끝,제주특별자치도 제주시 한경면 수룡2길 31,33.3078510,126.2414755
한경면,무뚱식당옆,제주특별자치도 제주시 한경면 중산간서로 3276,33.3027162,126.2379010
추자면,여정여관 앞,제주특별자치도 제주시 추자면 추자로 4-1,33.9627034,126.2978583
추자면,제일식당 앞,제주특별자치도 제주시 추자면 추자로 16-2,33.9636662,126.2972069
추자면,솔잎가든식당 앞,제주특별자치도 제주시 추자면 대서리 147-2,33.9626655,126.2949427
추자면,대서리사무소 앞,제주특별자치도 제주시 추자면 대서리 147-16,33.9619821,126.2942342
추자면,나바론민박 앞,제주특별자치도 제주시 추자면 영흥1길 25,33.9608129,126.2951515
추자면,영흥리 광장 동쪽,제주특별자치도 제주시 추자면 추자로 107,33.9600396,126.2975176
추자면,묵리포구 인근,제주특별자치도 제주시 추자면 묵리 731-6,33.9448142,126.3123939
추자면,추자청소년문화의집 서쪽,제주특별자치도 제주시 추자면 대서6길 35,33.9612784,126.2927480
추자면,묵리경로당 앞,제주특별자치도 제주시 추자면 추자로 389-10,33.9448047,126.3148543
추자면,신양2리 마을길,제주특별자치도 제주시 추자면 신양리 841-2,33.9406754,126.3220761
추자면,장작평사 삼거리,제주특별자치도 제주시 추자면 추자로 501,33.9404033,126.3235594
추자면,하추자 추자도수협 옆,제주특별자치도 제주시 추자면 추자로 556,33.9443055,126.3266019
추자면,신양1리 해녀탈의장 옆,제주특별자치도 제주시 추자면 추자로 576-2,33.9452916,126.3278840
추자면,하추자 신양항 뒤편,제주특별자치도 제주시 추자면 신양2길 28-8,33.9446007,126.3290371
추자면,추자피싱랜드민박 앞,제주특별자치도 제주시 추자면 신양4길 18,33.9471248,126.3320761
추자면,예초리마을 광장,제주특별자치도 제주시 추자면 예초리 200-7,33.9554889,126.3324381
추자면,추자체육관 서쪽,제주특별자치도 제주시 추자면 대서리 83-1,33.9635909,126.2934613
추자면,쌍림파크 앞,제주특별자치도 제주시 추자면 묵리 134-1,33.9411624,126.3174399
추자면,전우실업 사원아파트입구,제주특별자치도 제주시 추자면 신양리 839-1,33.9405116,126.3225531
우도면,우도농협앞,제주특별자치도 제주시 우도면 우도로 163,33.5077943,126.9536683
우도면,하우목동항 대합실옆,제주특별자치도 제주시 우도면 우도해안길 354,33.5097383,126.9434852
우도면,산호사 상우목동,제주특별자치도 제주시 우도면 연평리 2072-2,33.5038866,126.9469272
우도면,안비양 공중화장실옆,제주특별자치도 제주시 우도면 연평리 5-1,33.5146806,126.9687800
우도면,오봉리 삼양동,제주특별자치도 제주시 우도면 연평리 926,33.5186850,126.9517805
우도면,오봉리 전흘동,제주특별자치도 제주시 우도면 연평리 890-2,33.5191229,126.9502372
우도면,검멀레주차장내,제주특별자치도 제주시 우도면 우도해안길 1122,33.4975459,126.9684856
우도면,뽀요요 펜션카페 맞은편,제주특별자치도 제주시 우도면 연평리 2650-1,33.4943981,126.9461122
우도면,우도파출소앞,제주특별자치도 제주시 우도면 연평리 1675-3,33.4946659,126.9526852
우도면,영일동 버스정류소앞,제주특별자치도 제주시 우도면 연평리 243,33.5021132,126.9667667
우도면,우도면 연평리 2353-1번지 인근,제주특별자치도 제주시 우도면 연평리 2353-1,33.5153778,126.9494298
우도면,천진리 소공원앞,제주특별자치도 제주시 우도면 연평리 1604-3,33.4967461,126.9533108
우도면,영일동 마을회관 옆,제주특별자치도 제주시 우도면 연평리 208-1,33.5025066,126.9642220
우도면,동천진동해녀탈의실앞,제주특별자치도 제주시 우도면 연평리 1735-3,33.4922020,126.9528763
우도면,서천진동 물통앞,제주특별자치도 제주시 우도면 연평리 1830-2,33.4962799,126.9485821
우도면,우도초중학교,제주특별자치도 제주시 우도면 우도로 156-11,33.5054541,126.9559313
우도면,재활용도움센터 옆,제주특별자치도 제주시 우도면 조일길 123-5,33.5109879,126.9603239
우도면,직원관사앞,제주특별자치도 제주시 우도면 연평리 610-5,33.5092118,126.9627096
우도면,하고수동 물통 옆,제주특별자치도 제주시 우도면 연평리 1203-2,33.5155021,126.9560151
일도1동,일도1동주민센터 앞,제주특별자치도 제주시 중앙로7길 15,33.5150484,126.5263272
일도1동,제주기상청 앞,제주특별자치도 제주시 만덕로6길 26,33.5136233,126.5292226
일도1동,영미식당 동쪽,제주특별자치도 제주시 신산로2길 8,33.5126511,126.5310214
일도1동,현명모던아파트 서쪽,제주특별자치도 제주시 신산로2길 21,33.5122014,126.5297361
일도1동,동문시장 공영주차장 남쪽,제주특별자치도 제주시 일도1동 1105-12,33.5117970,126.5287903
일도1동,동문시장 공영주차장 남쪽,제주특별자치도 제주시 일도1동 1105-12,33.5117970,126.5287903
일도1동,일도2동 1039-3 서측,제주특별자치도 제주시 일도1동 1498,33.5104389,126.5267819
일도1동,남안아파트 동쪽,제주특별자치도 제주시 동문로6길 17-3,33.5115340,126.5293263
일도1동,봉해장국 서쪽,제주특별자치도 제주시 동문로8길 11-2,33.5118383,126.5305203
일도1동,칠성상가 제1공영주차장,제주특별자치도 제주시 관덕로13길 12,33.5140229,126.5261270
일도1동,목관아지 주차장,제주특별자치도 제주시 관덕로7길 13,33.5144565,126.5229438
일도1동,빈폴스포츠 사거리 유료주차장 앞 ,제주특별자치도 제주시 중앙로8길 2 ,33.5149608,126.5242280
일도2동,신산경로당 앞 주차장,제주특별자치도 제주시 일도2동 1029-22,33.5099527,126.5313459
일도2동,기산아파트 북측 울타리,제주특별자치도 제주시 일도2동 1050-1,33.5105095,126.5331511
일도2동,일도국수 동측,제주특별자치도 제주시 삼성로 51,33.5072315,126.5305976
일도2동,(구)호남석재 입구,제주특별자치도 제주시 일도2동 1032-5,33.5084820,126.5331351
일도2동,동문성당 정문 앞,제주특별자치도 제주시 신선길 20,33.5106388,126.5313824
일도2동,(구)중앙병원 남측,제주특별자치도 제주시 일도2동 1006-20,33.5116688,126.5343791
일도2동,킹마트 동측,제주특별자치도 제주시 동문로20길 2,33.5134671,126.5361092
일도2동,(구)조흥골프연습장 서측,제주특별자치도 제주시 일도2동 601-5,33.5128508,126.5373039
일도2동,시농협 북측,제주특별자치도 제주시 일도2동 984-3 ,33.5121900,126.5365528
일도2동,고운빌 옆 / 큐 당구장 뒷편,제주특별자치도 제주시 삼성로13길 24,33.5102154,126.5332234
일도2동,한국타이어앞,제주특별자치도 제주시 고마로 36,33.5107919,126.5385589
일도2동,일도2동복지회관앞,제주특별자치도 제주시 신산로9길 41,33.5103070,126.5371540
일도2동,신산미화아파트 남측,제주특별자치도 제주시 삼성로18길 28,33.5102037,126.5368221
일도2동,서반일도빌라 앞,제주특별자치도 제주시 신산로9길 19,33.5088155,126.5354652
일도2동,영상미디어센터 내,제주특별자치도 제주시 일도2동 875,33.5055624,126.5352284
일도2동,16호 공원 남측,제주특별자치도 제주시 일도2동 337 ,33.5069440,126.5362874
일도2동,16호 공원 북측,제주특별자치도 제주시 일도2동 337 ,33.5069440,126.5362874
일도2동,인화초 동쪽,제주특별자치도 제주시 일도2동 440,33.5082422,126.5382484
일도2동,인화초 정문 동쪽,제주특별자치도 제주시 일도2동 440,33.5082422,126.5382484
일도2동,두맹이 복지회관 앞,제주특별자치도 제주시 동문로14길 16-1,33.5120358,126.5332366
일도2동,동부교회 맞은편,제주특별자치도 제주시 일도2동 428,33.5113726,126.5401336
일도2동,사라봉장식 앞,제주특별자치도 제주시 동문로 124,33.5137088,126.5396507
일도2동,사라봉장식 앞,제주특별자치도 제주시 동문로 124,33.5137088,126.5396507
일도2동,삼화빌라 동측,제주특별자치도 제주시 동문로 146,33.5132387,126.5419113
일도2동,공원13호 서쪽,제주특별자치도 제주시 일도2동 154 ,33.5113364,126.5418187
일도2동,공원13호 동쪽,제주특별자치도 제주시 일도2동 154 ,33.5113364,126.5418187
일도2동,성환아파트서쪽,제주특별자치도 제주시 고마로13길 41,33.5109570,126.5422794
일도2동,영락교회뒤,제주특별자치도 제주시 동광로23길 15,33.5113538,126.5429507
일도2동,15호 어린이공원 동측,제주특별자치도 제주시 일도2동 355-8 ,33.5089140,126.5405415
일도2동,15호 어린이공원 서측,제주특별자치도 제주시 일도2동 355-8 ,33.5089140,126.5405415
일도2동,용인아파트입구,제주특별자치도 제주시 고마로14길 16,33.5058762,126.5394114
일도2동,공원 19호 북측,제주특별자치도 제주시 일도2동 414,33.5038896,126.5414643
일도2동,인제아파트 주차장 내,제주특별자치도 제주시 고마로 91,33.5063417,126.5413000
일도2동,17호 공원 서측,제주특별자치도 제주시 일도2동 397 ,33.5081435,126.5436690
일도2동,17호 공원 동측,제주특별자치도 제주시 일도2동 397 ,33.5081435,126.5436690
일도2동,한진수학학원 남측,제주특별자치도 제주시 일도2동 45,33.5074525,126.5457979
일도2동,18호 공원 북측,제주특별자치도 제주시 일도2동 405-3,33.5062906,126.5434021
일도2동,18호 공원 북측,제주특별자치도 제주시 일도2동 405-3,33.5062906,126.5434021
일도2동,18호 공원 남측,제주특별자치도 제주시 일도2동 405-3,33.5062906,126.5434021
일도2동,서해1차아파트 입구,제주특별자치도 제주시 천수로9길 10,33.5056959,126.5421843
일도2동,대원종합건축자재 남측,제주특별자치도 제주시 일도2동 511,33.5120281,126.5439471
일도2동,공원41호 북측,제주특별자치도 제주시 일도2동 65 ,33.5022518,126.5447414
일도2동,구 뉴월드 마트 서측,제주특별자치도 제주시 연수로3길 6,33.5023762,126.5437733
일도2동,공원41호 남측,제주특별자치도 제주시 일도2동 65 ,33.5022518,126.5447414
일도2동,동광성당 동측,제주특별자치도 제주시 일도2동 87-6 ,33.5001324,126.5464445
일도2동,공원42호 동측,제주특별자치도 제주시 태성로4길 23,33.4999902,126.5472916
일도2동,공원42번 서측 주차장,제주특별자치도 제주시 일도2동 88-1,33.4998191,126.5467513
일도2동,공원42번 서측 주차장,제주특별자치도 제주시 일도2동 88-1 ,33.4998191,126.5467513
일도2동,대림2차아파트서측 공영주차장,제주특별자치도 제주시 태성로 40,33.4994743,126.5494403
일도2동,대림2아파트남측맞은편,제주특별자치도 제주시 남광로 158-3,33.4994810,126.5510237
일도2동,알프스호텔옆,제주특별자치도 제주시 신산로 79,33.5067055,126.5349777
일도2동,동문로16길 40 옆,제주특별자치도 제주시 동문로16길 40,33.5107121,126.5357870
일도2동,인화초교 체육관 옆,제주특별자치도 제주시 신산로15길 35,33.5068571,126.5381041
일도2동,세기신산시장아파트 동측,제주특별자치도 제주시 고마로9길 18,33.5104758,126.5406966
일도2동,세기신산시장아파트 서측,제주특별자치도 제주시 고마로9길 18,33.5104758,126.5406966
일도2동,천수대홍아파트 서측,제주특별자치도 제주시 천수동로 24,33.5081300,126.5450446
이도1동,(구)황금불가마 동측,제주특별자치도 제주시 동광로11길 5,33.5037319,126.5341034
이도1동,알리바바커피 남측,제주특별자치도 제주시 동광로7길 16-28,33.5037772,126.5324616
이도1동,세븐일레븐 앞,제주특별자치도 제주시 동광로9길 39,33.5044353,126.5307401
이도1동,광양초등학교 서측,제주특별자치도 제주시 동광로1길 15,33.5022425,126.5287029
이도1동,상록회관 동측,제주특별자치도 제주시 광양1길 8,33.5042633,126.5276018
이도1동,광양성당 북측,제주특별자치도 제주시 광양1길 34,33.5033990,126.5296220
이도1동,신세계아파트 남측,제주특별자치도 제주시 오현길 9,33.5064703,126.5271922
이도1동,주민센터 남측,제주특별자치도 제주시 중앙로25길 17,33.5068506,126.5268961
이도1동,태선갈비 북측 주차장 옆,제주특별자치도 제주시 고전길 15-1,33.5072931,126.5251508
이도1동,삼성미화아파트 북측,제주특별자치도 제주시 이도1동 1584,33.5077180,126.5272004
이도1동,삼성아파트 동측,제주특별자치도 제주시 이도1동 1328-23,33.5083086,126.5272129
이도1동,시민회관 서측,제주특별자치도 제주시 고전길 26,33.5083733,126.5251563
이도1동,제주할망오메기떡 서측,제주특별자치도 제주시 오현길 49,33.5092780,126.5258693
이도1동,장원아이비아파트 북측,제주특별자치도 제주시 중앙로17길 6,33.5092989,126.5243034
이도1동,오현단 북측,제주특별자치도 제주시 오현길 67,33.5108536,126.5256942
이도1동,고팡하우스 옆,제주특별자치도 제주시 성지로 7,33.5098618,126.5243635
이도1동,KT 앞,제주특별자치도 제주시 서광로29길 38,33.5035486,126.5263237
이도1동,양암타워빌 앞,제주특별자치도 제주시 광양2길 25,33.5025751,126.5270954
이도1동,참사랑문화의집 북측,제주특별자치도 제주시 서광로29길 17,33.5017932,126.5261938
이도1동,극동주유소 북측,제주특별자치도 제주시 서광로27길 2,33.5005020,126.5253548
이도1동,극동주유소 북측,제주특별자치도 제주시 서광로27길 2,33.5005020,126.5253548
이도1동,동문수산시장 주차장 내,제주특별자치도 제주시 오현길 81,33.5120329,126.5248850
이도1동,영흥반점 남측,제주특별자치도 제주시 이도1동 1463-9,33.5103830,126.5234991
이도2동,동부경찰서 북서측 다리옆,제주특별자치도 제주시 일도2동 857-3 ,33.5031045,126.5350709
이도2동,제주시 보훈민원센터 옆,제주특별자치도 제주시 동광로4길 3,33.5012269,126.5313049
이도2동,시청 상하수도과 동측,제주특별자치도 제주시 동광로6길 17,33.5006279,126.5325672
이도2동,시청본관 뒤,제주특별자치도 제주시 광양11길 10-1,33.4992815,126.5313353
이도2동,시청본관 뒤,제주특별자치도 제주시 광양11길 10-1,33.4992815,126.5313353
이도2동,시청제2별관 뒤,제주특별자치도 제주시 광양11길 24,33.4999618,126.5324403
이도2동,한국전력공사 주전력소 서측 공원 남측,제주특별자치도 제주시 이도2동 1046,33.4986127,126.5363590
이도2동,한국전력공사 주전력소 서측 공원 남측,제주특별자치도 제주시 이도2동 1046,33.4986127,126.5363590
이도2동,이도2동주민센터 앞 공영주차장 남측,제주특별자치도 제주시 고산동산5길 24,33.4964370,126.5351481
이도2동,동주민센터 서측 공원 북측,제주특별자치도 제주시 가령로4길 11,33.4972717,126.5340357
이도2동,굿모닝아파트 삼거리,제주특별자치도 제주시 고산동산3길 24,33.4979799,126.5335393
이도2동,아람가든 앞 공영주차장 동측,제주특별자치도 제주시 신성로14길 19,33.4958841,126.5317896
이도2동,제석사 인근 공원 남측 삼거리,제주특별자치도 제주시 신성로10길 37,33.4935968,126.5307166
이도2동,제석사 인근 공원 남측 삼거리,제주특별자치도 제주시 신성로10길 37,33.4935968,126.5307166
이도2동,아람가든 앞 공영주차장 서측,제주특별자치도 제주시 신성로12길 17,33.4957841,126.5311919
이도2동,도남우체국북측,제주특별자치도 제주시 도남로13길 4,33.4926882,126.5287639
이도2동,보영캐슬 앞,제주특별자치도 제주시 신설동길 17,33.4972285,126.5489062
이도2동,영보맨션 삼거리,제주특별자치도 제주시 가령골1길 5 ,33.5035879,126.5377353
이도2동,남춘식당앞 공원,제주특별자치도 제주시 청귤로 15 ,33.4997415,126.5382344
이도2동,색동나라어린이집 남측,제주특별자치도 제주시 청귤로7길 2,33.4988879,126.5390616
이도2동,동여중 남동측,제주특별자치도 제주시 천수로 33,33.5029738,126.5405621
이도2동,월드컵식당 남동측(동여중 서측 하천 건너편),제주특별자치도 제주시 청귤로1길 40,33.5020111,126.5386722
이도2동,이도2동 363 서측,제주특별자치도 제주시 이도2동 363,33.5012035,126.5371200
이도2동,이도2동 363 서측,제주특별자치도 제주시 이도2동 363,33.5012035,126.5371200
이도2동,이도근린공원 남동측(애니카랜드 맞은편),제주특별자치도 제주시 이도공원길 44-21,33.4973647,126.5451153
이도2동,대한불교태고종제주교구성심사 맞은편,제주특별자치도 제주시 이도공원길 37,33.4981726,126.5439890
이도2동,제주마린 뒤 하천산책로변,제주특별자치도 제주시 정든로1길 18,33.4989370,126.5414711
이도2동,영산홍주택 북동측 공원 동측 다리 인근,제주특별자치도 제주시 이도2동 404,33.4974830,126.5407769
이도2동,영산홍주택 북동측 공원 동측 다리 인근,제주특별자치도 제주시 이도2동 404,33.4974830,126.5407769
이도2동,제주소년소녀합창단 남측,제주특별자치도 제주시 정든로3길 9,33.4977944,126.5417825
이도2동,제주일보동부지구 코너,제주특별자치도 제주시 정든로3길 28,33.4992194,126.5420111
이도2동,지방노동사무소 주차장 서측,제주특별자치도 제주시 정든로 61 ,33.4991523,126.5440397
이도2동,신설동수선화시영 연립 다동 앞,제주특별자치도 제주시 신설동길 100,33.4906750,126.5516157
이도2동,신설동 경로당,제주특별자치도 제주시 신설동길 82 ,33.4920826,126.5509243
이도2동,한마음병원 남측 공원,제주특별자치도 제주시 신설로5길 38,33.4953577,126.5466898
이도2동,한마음병원 남측 탐나마트 인근,제주특별자치도 제주시 이도2동 1954-4,33.4942712,126.5471873
이도2동,한마음병원남서쪽 굿모닝케어 인근(무료 주차장 내),제주특별자치도 제주시 이도2동 1960-3,33.4939105,126.5455158
이도2동,한마음병원남서쪽 굿모닝케어 인근(무료 주차장 내),제주특별자치도 제주시 이도2동 1960-3,33.4939105,126.5455158
이도2동,연북로 동측(신설동로 교차지점),제주특별자치도 제주시 신설동길 66 ,33.4933161,126.5500976
이도2동,일중 후문 입구,제주특별자치도 제주시 승천로 22,33.4959374,126.5391231
이도2동,이도2동950-1장미2차A맞은편,제주특별자치도 제주시 오복2길 27,33.4939846,126.5365934
이도2동,이도2동950-1장미2차A맞은편,제주특별자치도 제주시 오복2길 27,33.4939846,126.5365934
이도2동,경원빌라 맞은편 공원 동측,제주특별자치도 제주시 남광북3길 18-15,33.4941829,126.5372144
이도2동,일출마트 서측 도로상,제주특별자치도 제주시 이도2동 1064,33.4958996,126.5358833
이도2동,남광초등학교 서측 주차장,제주특별자치도 제주시 남광로2길 7-15,33.4926068,126.5383580
이도2동,소방서 사거리 LPG충전소 동남측,제주특별자치도 제주시 남광로2길 7,33.4918639,126.5375894
이도2동,21세기 병원 동측 공영주차장,제주특별자치도 제주시 남광로2길 48,33.4889189,126.5399699
이도2동,21세기 병원 동측 공영주차장,제주특별자치도 제주시 남광로2길 48,33.4889189,126.5399699
이도2동,탐라중학교 서측 옛 황금갈비 무료주차장 119번 옆,제주특별자치도 제주시 남광로2길 49-27,33.4902825,126.5425618
이도2동,탐라중학교 서측 옛 황금갈비 무료주차장 56번 옆,제주특별자치도 제주시 남광로2길 49-27,33.4902825,126.5425618
이도2동,중앙여고 동쪽 주차장,제주특별자치도 제주시 남광로4길 33,33.4910432,126.5405238
이도2동,한마음공원 서측 인도변,제주특별자치도 제주시 신설로 16 ,33.4945662,126.5431529
이도2동,혜성무지개 타운 맞은편 무료주차장,제주특별자치도 제주시 신설로2길 9,33.4946910,126.5419510
이도2동,이도농협 동측 주차장,제주특별자치도 제주시 신설로6길 2-11,33.4927985,126.5430539
이도2동,광명광고 북측 주차장,제주특별자치도 제주시 구남로6길 55-1 ,33.4868854,126.5379874
이도2동,광명광고 북측 주차장,제주특별자치도 제주시 구남로6길 55-1 ,33.4868854,126.5379874
이도2동,이도어린이집 인근 공원 앞,제주특별자치도 제주시 구남동6길 31,33.4879146,126.5363316
이도2동,구남동 후니빌 북측 무료주차장(가온어린이집 인근),제주특별자치도 제주시 구남동2길 45-6,33.4880530,126.5338608
이도2동,C&J빌 인근,제주특별자치도 제주시 구남로2길 36,33.4866905,126.5347552
이도2동,C&J빌 인근,제주특별자치도 제주시 구남로2길 36,33.4866905,126.5347552
이도2동,구남동 김기량성당 남측,제주특별자치도 제주시 구남동2길 51-3,33.4875730,126.5334472
이도2동,구남동 김기량성당 남측,제주특별자치도 제주시 구남동2길 51-3,33.4875730,126.5334472
이도2동,탐라마트 남쪽주차장,제주특별자치도 제주시 구남로2길 8,33.4884006,126.5326344
이도2동,이도2동 1998-9 무료주차장,제주특별자치도 제주시 이도2동 1998-9,33.4901848,126.5352205
이도2동,제주소방서 뒷편 무료주차장,제주특별자치도 제주시 이도2동 1999-1,33.4903702,126.5364318
이도2동,제주소방서 뒷편 무료주차장,제주특별자치도 제주시 이도2동 1999-1,33.4903702,126.5364318
이도2동,남문주유소 뒷편(먹돌식당 맞은편),제주특별자치도 제주시 구남동6길 6,33.4887112,126.5383485
이도2동,남문주유소 뒷편(먹돌식당 맞은편),제주특별자치도 제주시 구남동6길 6,33.4887112,126.5383485
이도2동,명주2차아파트 북측,제주특별자치도 제주시 독짓골8길 57,33.4895111,126.5312622
이도2동,(독사천 동아아파트 103동 북서측),제주특별자치도 제주시 독짓골8길 67,33.4888638,126.5310563
이도2동,38호어린이공원 동측,제주특별자치도 제주시 도남로17길 7,33.4903336,126.5297272
이도2동,38호어린이공원 동측,제주특별자치도 제주시 도남로17길 7,33.4903336,126.5297272
이도2동,(할매추어탕 서측 무료주차장),제주특별자치도 제주시 구남로7길 42-1,33.4915632,126.5352550
이도2동,행운빌라 맞은편,제주특별자치도 제주시 구남로7길 13,33.4939957,126.5335026
이도2동,제주117센터 동측,제주특별자치도 제주시 구남로7길 4,33.4936451,126.5326618
이도2동,남가네설악추어탕 맞으편 주차장,제주특별자치도 제주시 도남동 65-3,33.4915588,126.5285493
이도2동,제주지오영 동측 주차장,제주특별자치도 제주시 도남동 664-6,33.4904712,126.5270785
이도2동,복희네각재기국 서측 주차장,제주특별자치도 제주시 복지로3길 11-9,33.4887204,126.5237592
이도2동,어린이공원제97호 남동측,제주특별자치도 제주시 복지로3길 16-1,33.4882587,126.5224365
이도2동,제98호어린이공원 북측,제주특별자치도 제주시 복지로7길 4,33.4887627,126.5255578
이도2동,제주상공회의소 북측,제주특별자치도 제주시 청사로1길 18-4,33.4904431,126.5197768
이도2동,복지로9길 28-2(도남동 748-8 무료주차장 내),제주특별자치도 제주시 복지로9길 28-2,33.4891200,126.5270275
이도2동,한라명품수산 동측,제주특별자치도 제주시 원남6길 42,33.4854943,126.5295849
이도2동,(도남동 51-25 보현사 뒤 남서측(동양월마트 앞),제주특별자치도 제주시 신성로2길 17,33.4957592,126.5232926
이도2동,(청룡사 남측),제주특별자치도 제주시 도남로8길 19-2 ,33.4933913,126.5266295
이도2동,도남로10길 1-5(청룡사 북동 코너),제주특별자치도 제주시 도남로10길 1-5,33.4933283,126.5275637
이도2동,도남초교 북동측 사거리,제주특별자치도 제주시 도남동 55,33.4938796,126.5268939
이도2동,(성환빌라B동 서측 골목 코너(도남1차e-편한@ 남측),제주특별자치도 제주시 신성로4길 37,33.4940177,126.5224458
이도2동,도남해모로리치힐아파트 서측,제주특별자치도 제주시 도남로10길 35-4,33.4946313,126.5240071
이도2동,(도남동 51-25 보현사 뒤 남서측(동양월마트 앞),제주특별자치도 제주시 신성로2길 17,33.4957592,126.5232926
이도2동,PC하나로 맞은편,제주특별자치도 제주시 신성로 14 ,33.4959265,126.5213024
이도2동,(도남동902도남e편한세상 북서측),제주특별자치도 제주시 서광로18길 23 ,33.4978122,126.5208650
이도2동,서광로22길 31(도남동903-8도남e편한세상 동측),제주특별자치도 제주시 서광로22길 31,33.4971407,126.5233741
이도2동,도남로3길 3-2(도남동 노인회관 옆),제주특별자치도 제주시 도남로3길 3-2,33.4982674,126.5262296
이도2동,제4호어린이공원 동쪽,제주특별자치도 제주시 서광로 272,33.4997981,126.5254174
이도2동,강골정형외과의원 동쪽,제주특별자치도 제주시 서광로 274,33.4999386,126.5259522
이도2동,도남로4길 6-1(근혜빌라 앞),제주특별자치도 제주시 도남로4길 6-1,33.4975080,126.5252426
이도2동,서광로26길 38-1(청암연립 입구),제주특별자치도 제주시 서광로26길 38-1,33.4965244,126.5244026
이도2동,복지로북길 2-20(시민복지타운 한국은행 동측),제주특별자치도 제주시 복지로북길 2-20,33.4880197,126.5213584
이도2동,수선화아파트 나동 1차 관리사무소앞,제주특별자치도 제주시 독짓골2길 25,33.4903426,126.5306701
이도2동,청귤로3길 44(학생문화원뒤편),제주특별자치도 제주시 청귤로3길 44,33.5014807,126.5416728
이도2동,이도초교 후문 서측 교량 옆,제주특별자치도 제주시 이도2동 1927-5,33.4878064,126.5304360
이도2동,남광북1길 8(동진자동차공업사 맞은편),제주특별자치도 제주시 남광북1길 8,33.4946407,126.5351437
이도2동,대춘해장국 주차장,제주특별자치도 제주시 연북로 398,33.4803747,126.5238605
삼도1동,한라일보사 서측,제주특별자치도 제주시 서사로24길 6,33.4984568,126.5189769
삼도1동,제2삼오교 서측,제주특별자치도 제주시 서사로24길 24 ,33.4984920,126.5176015
삼도1동,예하게스트하우스 서측,제주특별자치도 제주시 삼오길 9,33.4994133,126.5174284
삼도1동,SK삼화주유소 남측,제주특별자치도 제주시 삼오길 24 ,33.4991155,126.5189847
삼도1동,동명탕 동측,제주특별자치도 제주시 서사로21길 15 ,33.4988649,126.5213203
삼도1동,금광아이빌 남측 공영주차장 입구옆,제주특별자치도 제주시 서광로20길 4 ,33.4992587,126.5218035
삼도1동,삼미기업 북측 공영주차장 내,제주특별자치도 제주시 서사로 126 ,33.5011489,126.5195795
삼도1동,중앙어린이놀이터 서측,제주특별자치도 제주시 삼도1동 505 ,33.5014791,126.5158566
삼도1동,동백하우스 남측,제주특별자치도 제주시 평전3길 4 ,33.5017062,126.5187245
삼도1동,뉴월드마트서사라점 남측,제주특별자치도 제주시 서광로13길 2,33.5002697,126.5178944
삼도1동,중앙초등학교 서측,제주특별자치도 제주시 삼도1동 499-3 ,33.5033334,126.5149954
삼도1동,중앙경로당 동측,제주특별자치도 제주시 서사로14길 16,33.5036894,126.5182235
삼도1동,탐라장애인종합복지관 서측,제주특별자치도 제주시 서광로27길 21 ,33.5015598,126.5244355
삼도1동,제3호어린이공원 남측,제주특별자치도 제주시 삼도1동 547-11 ,33.5021815,126.5217398
삼도1동,동양월마트 남측,제주특별자치도 제주시 서사로 115 ,33.5020603,126.5201033
삼도1동,용천소공원 서측(서광로25길),제주특별자치도 제주시 서사로15길 27 ,33.5028117,126.5228238
삼도1동,제주외국어학습센터 남측,제주특별자치도 제주시 홍랑길 43 ,33.5035633,126.5229923
삼도1동,제주외국어학습센터 서측,제주특별자치도 제주시 전농로 88 ,33.5038583,126.5224868
삼도1동,진영마트서사라점 서측,제주특별자치도 제주시 서사로 84 ,33.5049854,126.5194266
삼도1동,삼남주유소 동측,제주특별자치도 제주시 서사로12길 49 ,33.5053108,126.5149115
삼도1동,제1호어린이공원 북측,제주특별자치도 제주시 삼도1동 785-1 ,33.5060526,126.5189930
삼도1동,삼도1동노인회관 서측,제주특별자치도 제주시 전농로1길 50 ,33.5080201,126.5172751
삼도1동,NH농협제주영업본부 서측,제주특별자치도 제주시 충효길 41 ,33.5080759,126.5190818
삼도1동,몽스파 북측,제주특별자치도 제주시 서사로 28 ,33.5098287,126.5195459
삼도2동,중앙여중서쪽,제주특별자치도 제주시 전농로9길 7,33.5049715,126.5202996
삼도2동,중앙여중동쪽,제주특별자치도 제주시 전농로11길 10,33.5051806,126.5218648
삼도2동,미듬아뜨리에아파트 북측,제주특별자치도 제주시 중앙로26길 25,33.5050119,126.5228303
삼도2동,아라팰리스호텔 앞,제주특별자치도 제주시 남성로26길 26,33.5072208,126.5237334
삼도2동,보쌈집 북쪽,제주특별자치도 제주시 남성로22길 44,33.5061554,126.5222747
삼도2동,제주아이린5차아파트 동쪽,제주특별자치도 제주시 전농로9길 27,33.5068426,126.5204159
삼도2동,제주아이린5차아파트 동쪽,제주특별자치도 제주시 전농로9길 27,33.5068426,126.5204159
삼도2동,남성방범초소 북쪽,제주특별자치도 제주시 남성로22길 28,33.5073415,126.5226243
삼도2동,참이슬아파트 동쪽,제주특별자치도 제주시 남성로26길 12,33.5083924,126.5230836
삼도2동,구 전승화외과 남쪽,제주특별자치도 제주시 남성로 154-6,33.5087979,126.5216632
삼도2동,남초등학교 남쪽,제주특별자치도 제주시 남성로22길 2,33.5089377,126.5209401
삼도2동,구제대병원 서쪽,제주특별자치도 제주시 남성로23길 15,33.5102089,126.5214971
삼도2동,남초등학교 서쪽,제주특별자치도 제주시 남성로 143-19,33.5101889,126.5202600
삼도2동,제주성내교회 앞,제주특별자치도 제주시 삼도2동 839,33.5121184,126.5200242
삼도2동,향사당 서쪽,제주특별자치도 제주시 관덕로4길 9,33.5123147,126.5213962
삼도2동,모이세해장국 서쪽,제주특별자치도 제주시 관덕로6길 11,33.5120890,126.5222198
삼도2동,중앙성당 북쪽,제주특별자치도 제주시 중앙로12길 14,33.5123109,126.5232630
삼도2동,중앙성당 북쪽,제주특별자치도 제주시 중앙로12길 14,33.5123109,126.5232630
삼도2동,북초등학교 정문,제주특별자치도 제주시 관덕로7길 13,33.5144565,126.5229438
삼도2동,목관아지 서쪽,제주특별자치도 제주시 관덕로3길 13-1,33.5142925,126.5213040
삼도2동,타젠바이크 정면,제주특별자치도 제주시 무근성3길 3,33.5136603,126.5186404
삼도2동,무근성슈퍼 북쪽,제주특별자치도 제주시 무근성길 40,33.5146142,126.5196385
삼도2동,무근성경로당 동쪽,제주특별자치도 제주시 삼도2동 1138-1,33.5147286,126.5193138
삼도2동,장하우스 동쪽,제주특별자치도 제주시 탑동로9길 18,33.5168532,126.5177958
삼도2동,라마다호텔 남쪽,제주특별자치도 제주시 탑동로9길 7,33.5176865,126.5178823
삼도2동,현대인력 앞,제주특별자치도 제주시 탑동로3길 8,33.5166868,126.5218651
삼도2동,우체국택배 서쪽담,제주특별자치도 제주시 삼도2동 1113-5,33.5159665,126.5219756
삼도2동,이마트주차장,제주특별자치도 제주시 탑동해안로 66,33.5183479,126.5223358
삼도2동,전복김밥 동쪽 주차장,제주특별자치도 제주시 삼도2동 1158-33,33.5153530,126.5182420
삼도2동,진용이지빌오피스텔1차 앞,제주특별자치도 제주시 중앙로28길 8,33.5050434,126.5249380
용담1동,제주 가치 맞은편,제주특별자치도 제주시 동한두기길 19,33.5165968,126.5157440
용담1동,제주 제주시 탑동로 123 맞은편,제주특별자치도 제주시 용담1동 21-1,33.5139152,126.5177961
용담1동,용담월드하우스 남쪽,제주특별자치도 제주시 서문로5길 14,33.5127402,126.5171761
용담1동,덕훈이용원 뒤 편,제주특별자치도 제주시 용담1동 98,33.5122192,126.5177350
용담1동,제주중학교 동쪽,제주특별자치도 제주시 서문로 55,33.5115978,126.5170328
용담1동,제주향교 서쪽,제주특별자치도 제주시 서문로 47,33.5122802,126.5164899
용담1동,한중석재사 앞,제주특별자치도 제주시 용담1동 331,33.5127380,126.5154892
용담1동,장안마트 서쪽,제주특별자치도 제주시 용담1동 142-1,33.5111683,126.5183009
용담1동,서문레지던스호텔 앞,제주특별자치도 제주시 서문로4길 16-7,33.5102628,126.5176551
용담1동,미송가구 맞은 편,제주특별자치도 제주시 용담1동 137-110,33.5110047,126.5167899
용담1동,서문로 2길 4 부근,제주특별자치도 제주시 서문로2길 4,33.5105028,126.5158609
용담1동,퍼피하우스 남쪽,제주특별자치도 제주시 용담1동 220-11,33.5094162,126.5160487
용담1동,용담로 17길 부근,제주특별자치도 제주시 용담로17길 2,33.5097844,126.5151619
용담1동,우정상사 앞,제주특별자치도 제주시 용한로 12,33.5103560,126.5126475
용담1동,오뚜기갈비 남쪽,제주특별자치도 제주시 용담1동 242-6,33.5096224,126.5139648
용담1동,서문성당,제주특별자치도 제주시 남성로11길 25,33.5071302,126.5121448
용담1동,도노뫼빌라 맞은 편,제주특별자치도 제주시 남성로9길 48,33.5083059,126.5119684
용담1동,제니스 빌라 2 부근,제주특별자치도 제주시 남성로9길 20,33.5060669,126.5120125
용담1동,모텔 안남,제주특별자치도 제주시 용담1동 251-24,33.5054488,126.5136468
용담1동,청암 용담연립 나동 부근,제주특별자치도 제주시 남성로9길 7,33.5047990,126.5121039
용담1동,적십자회관 동쪽,제주특별자치도 제주시 전농로 7,33.5048282,126.5139723
용담1동,태화연립 앞,제주특별자치도 제주시 남성로3길 9,33.5019336,126.5119617
용담1동,송월타올 북서쪽,제주특별자치도 제주시 서광로 149,33.5003110,126.5123943
용담2동,용연다리서측,제주특별자치도 제주시 용담2동 454-2,33.5149932,126.5136635
용담2동,제2한천교 앞,제주특별자치도 제주시 용두암길 58,33.5124399,126.5135612
용담2동,디어하우스 앞,제주특별자치도 제주시 흥운길 55-9 ,33.5137856,126.5122865
용담2동,서초교 후문,제주특별자치도 제주시 성화로6길 50,33.5112422,126.5106488
용담2동,헤어아트미용실 옆,제주특별자치도 제주시 용화로 37,33.5099503,126.5075064
용담2동,성화연립동측,제주특별자치도 제주시 성화로1길 5,33.5103746,126.5043557
용담2동,한울미용실 앞,제주특별자치도 제주시 용화로9길 14,33.5109078,126.5081222
용담2동,용화로 5길 부근,제주특별자치도 제주시 용화로5길 24,33.5120635,126.5067887
용담2동,할망곰탕 남측,제주특별자치도 제주시 용해로 65,33.5115118,126.5032945
용담2동,일진항공 부근,제주특별자치도 제주시 용마로 1,33.5134418,126.5055856
용담2동,현대2차아파트 남쪽,제주특별자치도 제주시 용마로2길 36,33.5140866,126.5077764
용담2동,주연상회 앞,제주특별자치도 제주시 용마로3길 11,33.5150775,126.5058571
용담2동,해안 빌라 부근,제주특별자치도 제주시 용마서2길 13,33.5146858,126.5045241
용담2동,용마게이볼장 부근,제주특별자치도 제주시 용마서1길 27,33.5159063,126.5050379
용담2동,레포츠공원주차장,제주특별자치도 제주시 용담3동 1071,33.5176762,126.4997439
용담2동,레포츠공원주차장,제주특별자치도 제주시 용담3동 1071,33.5176762,126.4997439
용담2동,어영마을회관 남측,제주특별자치도 제주시 서해안로 456-12,33.5183718,126.4891761
용담2동,용문로 20길 부근,제주특별자치도 제주시 용문로 158-3,33.5085724,126.5106839
용담2동,장원하이빌 뒤편,제주특별자치도 제주시 용문로18길 27,33.5057951,126.5107121
용담2동,시계바늘어린이집 앞,제주특별자치도 제주시 용원1길 18,33.5047721,126.5098682
용담2동,문화재 터 옆 주차장,제주특별자치도 제주시 용문로18길 53,33.5036696,126.5105153
용담2동,카프렌즈 옆,제주특별자치도 제주시 한천로 37,33.5022923,126.5094899
용담2동,용원길 19 부근,제주특별자치도 제주시 용원길 19,33.5034926,126.5083432
용담2동,신도리코 옆,제주특별자치도 제주시 한천로 22,33.5013531,126.5082666
용담2동,월성회관,제주특별자치도 제주시 월성로4길 54,33.4996456,126.5004066
용담2동,용담 수입차 정비소 부근,제주특별자치도 제주시 명신3길 5,33.4999762,126.5026246
용담2동,월성로 4길 54 부근,제주특별자치도 제주시 월성로4길 54,33.4996456,126.5004066
용담2동,월성로 4길 16 부근,제주특별자치도 제주시 월성로4길 16,33.5020835,126.5033929
용담2동,월성로 2길 3 부근,제주특별자치도 제주시 월성로2길 3,33.5033267,126.5038855
용담2동,용해로 147 부근,제주특별자치도 제주시 용해로 147,33.5048035,126.5069581
용담2동,정다운 식당 옆,제주특별자치도 제주시 용문로17길 6,33.5078776,126.5088322
용담2동,한라요양원 우측,제주특별자치도 제주시 용문로17길 25,33.5076482,126.5068829
용담2동,현대4차아파트 내,제주특별자치도 제주시 용담로1길 33,33.5157757,126.5068912
용담2동,용화로 10길 8 부근,제주특별자치도 제주시 용화로10길 8,33.5091230,126.5075420
용담2동,승진원룸 옆,제주특별자치도 제주시 용문로 157,33.5088388,126.5099069
용담2동,세종가든,제주특별자치도 제주시 용화로 6-9,33.5093770,126.5040237
용담2동,용문로 88 부근,제주특별자치도 제주시 용문로 88,33.5034193,126.5051899
용담2동,용담3동 2284-1 건너편,제주특별자치도 제주시 용담3동 2284-1,33.5190567,126.4947293
용담2동,복개천(탑마트) 주차장,제주특별자치도 제주시 용한로 3,33.5096779,126.5112913
용담2동,해원 횟집 부근,제주특별자치도 제주시 서해안로 687-1,33.5158409,126.5120710
용담2동,사대부고 남측,제주특별자치도 제주시 용담로 58,33.5126236,126.5088848
용담2동,영보맨션 가동 남측,제주특별자치도 제주시 용화로5길 7,33.5106128,126.5062631
용담2동,이어도횟집옆,제주특별자치도 제주시 서해안로 660,33.5162207,126.5076011
용담2동,삼영교통 앞,제주특별자치도 제주시 공항로1길 48,33.5041086,126.5008161
건입동,탑동공영주차장 앞,제주특별자치도 제주시 임항로 8,33.5164962,126.5252325
건입동,올댓제주 남측,제주특별자치도 제주시 중앙로1길 33,33.5162554,126.5283864
건입동,김밥천국 탑동본점 맞은편,제주특별자치도 제주시 서부두길 2,33.5167901,126.5278708
건입동,수협중앙회 제주어업정보통신국 맞은편,제주특별자치도 제주시 임항로 85,33.5175811,126.5320034
건입동,백록담주요소 북측,제주특별자치도 제주시 임항로 287,33.5151955,126.5387434
건입동,주민센터 뒤쪽,제주특별자치도 제주시 만덕로4길 10-1,33.5149136,126.5308643
건입동,노동의원 맞은편,제주특별자치도 제주시 만덕로3길 2,33.5148021,126.5321629
건입동,우일아파트 앞,제주특별자치도 제주시 만덕로3길 19,33.5161087,126.5332117
건입동,동초등학교 후문,제주특별자치도 제주시 연무정동2길 13,33.5146102,126.5337438
건입동,동초등학교 후문 동측사거리,제주특별자치도 제주시 연무정동길 19,33.5149885,126.5343738
건입동,현대아파트 상가 앞,제주특별자치도 제주시 연무정길 32,33.5164454,126.5352503
건입동,(구)출입국관리사무소뒤,제주특별자치도 제주시 사라봉9길 21,33.5161830,126.5393185
건입동,칠머리주차장,제주특별자치도 제주시 칠머리길 15-1,33.5180808,126.5356975
건입동,형제현수막 앞,제주특별자치도 제주시 연무정길 5,33.5168475,126.5376424
건입동,여상후문  건입동 1045-7옆,제주특별자치도 제주시 동문로 95,33.5140466,126.5368371
건입동,미듬하나로아파트 앞,제주특별자치도 제주시 임항로 286,33.5153992,126.5381711
건입동,신천지호텔 동측,제주특별자치도 제주시 동대북길 1,33.5177206,126.5381188
건입동,다이아나 호텔후문,제주특별자치도 제주시 사라봉7길 5,33.5175646,126.5398970
건입동,한도맨션 앞,제주특별자치도 제주시 임항로 235,33.5182449,126.5411740
건입동,사라봉 어린이공원,제주특별자치도 제주시 사라봉7길 14,33.5169056,126.5396242
건입동,광덕아파트 동측,제주특별자치도 제주시 사라봉1길 50,33.5148553,126.5411031
건입동,광덕아파트 동북측,제주특별자치도 제주시 사라봉1길 42,33.5151167,126.5411910
건입동,건화마을,제주특별자치도 제주시 건화길 26,33.5133631,126.5521062
건입동,항만119센터앞,제주특별자치도 제주시 임항로 146,33.5200555,126.5390674
건입동,금아빌라 서측  건입동 711,제주특별자치도 제주시 임항로 242,33.5186806,126.5402135
화북동,동마을회관앞,제주특별자치도 제주시 화북1동 1594-1,33.5246094,126.5673811
화북동,화북아파트옆,제주특별자치도 제주시 화북1동 1946-9,33.5223114,126.5667484
화북동,청풍맨션앞,제주특별자치도 제주시 화북1동 1936-7,33.5232410,126.5660032
화북동,청풍대앞,제주특별자치도 제주시 진남로 49,33.5234905,126.5653441
화북동,화북포구앞,제주특별자치도 제주시 금산5길 24-3,33.5250190,126.5641738
화북동,서마을해녀탈의장옆,제주특별자치도 제주시 금산5길 41,33.5262350,126.5638278
화북동,전원아파트옆,제주특별자치도 제주시 화북1동 4059-2,33.5240028,126.5632565
화북동,태고원옆,제주특별자치도 제주시 화북2동 5717-6,33.4874444,126.5602566
화북동,백향식당옆,제주특별자치도 제주시 화북1동 4129-4,33.5226978,126.5616775
화북동,화북농협뒤,제주특별자치도 제주시 진남로8길 2,33.5193029,126.5676013
화북동,화북교회밑,제주특별자치도 제주시 화북1동 1951-5,33.5220992,126.5652518
화북동,목마가든앞,제주특별자치도 제주시 곤을길 23,33.5230686,126.5595745
화북동,화북주민센터북측,제주특별자치도 제주시 화북1동 1976-3,33.5205441,126.5651181
화북동,대원주택앞,제주특별자치도 제주시 화북1동 1984-2,33.5192595,126.5646053
화북동,망동산앞,제주특별자치도 제주시 진동로5길 9,33.5212039,126.5641555
화북동,삼다연립앞,제주특별자치도 제주시 화북1동 1955-15,33.5210240,126.5632674
화북동,황룡주택앞,제주특별자치도 제주시 화북1동 1930-4,33.5222793,126.5630492
화북동,문화주택입구,제주특별자치도 제주시 화북2동 4946,33.5129885,126.5525982
화북동,경동택배밑,제주특별자치도 제주시 거로길 1,33.5143506,126.5566420
화북동,썬빌라앞,제주특별자치도 제주시 거로길 37,33.5126343,126.5586325
화북동,등돌거리,제주특별자치도 제주시 화북2동 4987-6,33.5116934,126.5586147
화북동,화북1동 2127 내 공원,제주특별자치도 제주시 선반로 30,33.5148259,126.5611392
화북동,삼다유통앞,제주특별자치도 제주시 거로남3길 22,33.5106558,126.5609855
화북동, 거로마을 입구,제주특별자치도 제주시 화북2동 3350-6,33.5083192,126.5607476
화북동,부흥주택앞,제주특별자치도 제주시 거로남4길 19-8,33.5081988,126.5623565
화북동,마을회관앞,제주특별자치도 제주시 황사평6길 73,33.4933780,126.5609148
화북동,화북주공소방소뒤,제주특별자치도 제주시 화북1동 11-7,33.5198231,126.5734844
화북동,동녘경로당앞,제주특별자치도 제주시 동화로1길 45-22,33.5183685,126.5783777
화북동,동화초공원앞,제주특별자치도 제주시 화북1동 14-1,33.5179124,126.5766515
화북동,농협선과장앞,제주특별자치도 제주시 화북2동 2646-9,33.5033283,126.5678681
화북동,황금에스티앞,제주특별자치도 제주시 화북1동 4733-3,33.5146339,126.5584777
화북동,에스에이치유통 건너편,제주특별자치도 제주시 진동로 48,33.5232755,126.5676818
화북동,원두교앞,제주특별자치도 제주시 동제원길 41,33.5188694,126.5592316
화북동,억수식당옆,제주특별자치도 제주시 화북1동 1966-16,33.5213118,126.5666755
화북동,해신사옆,제주특별자치도 제주시 화북1동 1619-8,33.5245667,126.5659351
화북동,장원그린빌앞,제주특별자치도 제주시 거로서길 15,33.5127666,126.5559003
화북동,삼화초 북측공원앞,제주특별자치도 제주시 화삼북로4길 10,33.5168480,126.5774450
화북동,화북동주민센터옆,제주특별자치도 제주시 진남로6길 17,33.5203991,126.5654278
화북동,화북성당앞,제주특별자치도 제주시 청풍남8길 12-1,33.5181555,126.5702973
화북동,황사평진입다리옆,제주특별자치도 제주시 화북2동 2951-1,33.4945894,126.5639062
화북동,금산마을회관북측,제주특별자치도 제주시 화북1동 4301-4,33.5250950,126.5624821
화북동,화북초후문,제주특별자치도 제주시 진서로 12,33.5198498,126.5635584
화북동,SK LPG앞,제주특별자치도 제주시 화북2동 4841,33.5119253,126.5501575
화북동,세인트빌앞,제주특별자치도 제주시 선반남2길 30-9,33.5116365,126.5625019
화북동,삼성전자앞,제주특별자치도 제주시 선반남2길 1,33.5122596,126.5597279
화북동,주림빌라트앞,제주특별자치도 제주시 청풍남4길 13,33.5175001,126.5657088
화북동,문제요 옆,제주특별자치도 제주시 화북1동 2034-3,33.5185408,126.5668638
화북동,국수사랑옆,제주특별자치도 제주시 화북1동 1119-1,33.5191583,126.5709627
화북동,무지개마트뒤,제주특별자치도 제주시 화삼로 17,33.5144275,126.5748668
화북동,황사평진입도로옆,제주특별자치도 제주시 화북2동 3141-1,33.5013649,126.5618667
화북동,취락구조입구,제주특별자치도 제주시 화북2동 3021-3,33.4957553,126.5619573
화북동,애덕의집앞,제주특별자치도 제주시 기와5길 87,33.4901385,126.5580819
화북동,거로운동장입구,제주특별자치도 제주시 거로남8길 23,33.5097036,126.5634530
삼양동,대유아파트 북측,제주특별자치도 제주시 원당로15길 32,33.5309796,126.5917420
삼양동,한전아파트 106동 북측,제주특별자치도 제주시 선사로6길 67,33.5280024,126.5913439
삼양동,삼양초등학교 동측 골목,제주특별자치도 제주시 삼양2동 2181-14,33.5208539,126.5869823
삼양동,마을금고 남측 주차장,제주특별자치도 제주시 삼양1동 1628-7,33.5268510,126.5905011
삼양동,삼양1동마을회관 남측 블록,제주특별자치도 제주시 선사로2길 50,33.5255063,126.5906205
삼양동,힘찬어린이집 북쪽,제주특별자치도 제주시 삼양1동 1521-36,33.5240878,126.5901216
삼양동,신도그린빌라 북쪽,제주특별자치도 제주시 원당로 17-1,33.5229611,126.5886669
삼양동,삼양해수사우나 동측 주차장,제주특별자치도 제주시 삼양1동 1657-8,33.5249479,126.5868561
삼양동,24시편의점 북측,제주특별자치도 제주시 삼양2동 1953,33.5246525,126.5842872
삼양동,한양아파트 옆 공원,제주특별자치도 제주시 삼양2동 2179-10,33.5202098,126.5839082
삼양동,에이치마트 북쪽사거리,제주특별자치도 제주시 삼양2동 2130-1,33.5221057,126.5831659
삼양동,삼양 제2펌프장 남측 공원,제주특별자치도 제주시 삼양2동 2100-2,33.5242104,126.5819563
삼양동,삼양3동 과물 옆,제주특별자치도 제주시 삼양3동 2650-3,33.5252576,126.5740901
삼양동,대일아파트 인근 어린이공원,제주특별자치도 제주시 삼양2동 2154-1,33.5200670,126.5800769
삼양동,안평식당 동측 주차장,제주특별자치도 제주시 삼양2동 2133-5,33.5220797,126.5845333
삼양동,삼양3동 마을회관 근처,제주특별자치도 제주시 벌랑길 71,33.5266792,126.5761619
삼양동,한국교통안전공단 제주검사소 동쪽,제주특별자치도 제주시 도련2동 568-18,33.5144633,126.5897552
삼양동,도련1동[서] 버스정류소 뒤,제주특별자치도 제주시 도련길 1,33.5092135,126.5895206
삼양동,흥진빌라 북쪽,제주특별자치도 제주시 도련3길 37,33.5101565,126.5859003
삼양동,도련1동마을회관 옆,제주특별자치도 제주시 도련안길 46,33.5090013,126.5845333
삼양동,삼양 제2펌프장 북측,제주특별자치도 제주시 삼양2동 2009-1,33.5245933,126.5817397
삼양동,도련1동 마을회관 서측,제주특별자치도 제주시 도련1동 2238-3,33.5086601,126.5826012
삼양동,삼양3수원지 옆,제주특별자치도 제주시 삼양1동 1911-4,33.5313864,126.5914892
삼양동,대유아파트 남쪽 공영주차장 안,제주특별자치도 제주시 삼양1동 1579-1,33.5294808,126.5934887
삼양동,빨래터 동측,제주특별자치도 제주시 삼양1동 1939-5,33.5296074,126.5890708
삼양동,한사랑빌라 앞,제주특별자치도 제주시 일주동로 453,33.5218541,126.5936306
삼양동,검문소 서측 일주도로변,제주특별자치도 제주시 삼양1동 1313-13,33.5213476,126.5965694
삼양동,한국농어촌공사 남측,제주특별자치도 제주시 선사로 12,33.5225774,126.5872486
삼양동,선사한의원 뒤편,제주특별자치도 제주시 삼양2동 2124-7,33.5225555,126.5862132
삼양동,둠벵이교 동측,제주특별자치도 제주시 삼양3동 2446-11,33.5244275,126.5796869
삼양동,예지원어린이집 남측,제주특별자치도 제주시 삼양3동 2536-2,33.5244455,126.5766671
삼양동,도련사거리 씨유 건너편 골목,제주특별자치도 제주시 도련2동 581-1,33.5157535,126.5894427
삼양동,제일일출아파트 입구,제주특별자치도 제주시 매촌4길 20,33.5148549,126.5922020
삼양동,한정빌라 앞,제주특별자치도 제주시 도련2동 454-2,33.5145199,126.5927219
삼양동,도련별장맨션 인근,제주특별자치도 제주시 도련1동 1740-1,33.5090344,126.5903817
삼양동,선과장 옆,제주특별자치도 제주시 도련6길 1,33.5073555,126.5827333
삼양동,그린나래어린이집 서측,제주특별자치도 제주시 도련1동 2746,33.5071874,126.5798903
삼양동,홍익보육원 앞 도로변,제주특별자치도 제주시 화삼로 145,33.5167775,126.5856655
삼양동,도련주공아파트 후문 부근,제주특별자치도 제주시 도련1동 1640-2,33.5076410,126.5878276
삼양동,삼화지구 서남쪽,제주특별자치도 제주시 도련1동 1983-5,33.5125568,126.5782034
삼양동,거로목공소 옆,제주특별자치도 제주시 도련1동 2205-1,33.5109051,126.5779173
삼양동,도련1동 정수장 입구,제주특별자치도 제주시 도련1동 1035-1,33.5012872,126.5941885
삼양동,정효원,제주특별자치도 제주시 거로남10길 132-14,33.5067484,126.5748726
봉개동,대기원룸 옆,제주특별자치도 제주시 봉개동 1811-2,33.4919337,126.5921400
봉개동,봉아름주유소 옆,제주특별자치도 제주시 봉개동 2428-3,33.4919480,126.5908544
봉개동,갤럭시타운 남측,제주특별자치도 제주시 봉개동 2015-9,33.4883093,126.5936396
봉개동,실과바늘수선 앞,제주특별자치도 제주시 봉개동 2084-3,33.4877789,126.5967308
봉개동,용강마을회관 북측,제주특별자치도 제주시 용강동 1538-1,33.4778396,126.5861843
봉개동,용강동마을회관 옆,제주특별자치도 제주시 용강동 1306-4,33.4766229,126.5858308
봉개동,명도암버스정류장 옆 명도암마을 삼거리,제주특별자치도 제주시 봉개동 418-4,33.4705231,126.6109692
봉개동,㈜현우전력(사장교 옆),제주특별자치도 제주시 회천동 2177-3,33.4987660,126.6087015
봉개동,동회천마을 진입로(회천동 1277 앞) 입구,제주특별자치도 제주시 동회천길 11,33.5043272,126.6146381
봉개동,26번 버스회차지 앞,제주특별자치도 제주시 봉개동 1552-7,33.4890143,126.5985595
봉개동,공주네 국수 앞,제주특별자치도 제주시 봉개동 1819-18,33.4914431,126.5938350
봉개동,봉개원룸 서측,제주특별자치도 제주시 봉개동 2448-11,33.4909857,126.5892356
봉개동,손맛식당 옆,제주특별자치도 제주시 봉개동 609-2,33.4841218,126.6038666
봉개동,안국사 버스정류장 옆,제주특별자치도 제주시 봉개동 297-4,33.4684638,126.6112737
봉개동,뒷슬빌라 가동 앞,제주특별자치도 제주시 봉개북3길 10,33.4908459,126.5960688
봉개동,은혜마을 진입로,제주특별자치도 제주시 봉개동 227-39,33.4653146,126.6154289
봉개동,발트하임빌라 앞,제주특별자치도 제주시 봉개동 1494-2,33.4919941,126.6015163
봉개동,번영로 용마가든 옆,제주특별자치도 제주시 봉개동 1353,33.4873020,126.5996375
봉개동,봉개교회 출입구,제주특별자치도 제주시 번영로 561-8,33.4879765,126.6015132
봉개동,참살이 체험농장 입구,제주특별자치도 제주시 명림로 268-69,33.4617509,126.6076381
봉개동,동회천 버스정류장 남측,제주특별자치도 제주시 회천동 1315-1,33.5037718,126.6160329
봉개동,한짓골 하우스 앞,제주특별자치도 제주시 번영로 407,33.4945985,126.5869240
봉개동,ON하우스 앞,제주특별자치도 제주시 도련1동 1229-3,33.4951244,126.5938327
아라동,아라천주교구 앞,제주특별자치도 제주시 아봉로 28,33.4768487,126.5469680
아라동,아라1동 6128-5(아이파크서남측),제주특별자치도 제주시 인다12길 41,33.4735601,126.5501399
아라동,제주대학교 정문 동측,제주특별자치도 제주시 제주대학로 115,33.4604047,126.5622772
아라동,첨단과학단지 다음 맞은편 블록,제주특별자치도 제주시 첨단로7길 11,33.4496968,126.5731353
아라동,춘강 맞은편,제주특별자치도 제주시 516로 3120-1,33.4526126,126.5533027
아라동,삼광사 앞,제주특별자치도 제주시 아봉로 279-15,33.4731549,126.5707253
아라동,아라마트,제주특별자치도 제주시 아연로 531,33.4776788,126.5359775
아라동,금월길 90-1 (금천마을회관 앞),제주특별자치도 제주시 금월길 90-1,33.4808440,126.5531989
아라동,나나어린이집 서측,제주특별자치도 제주시 월두2길 58,33.4853007,126.5488038
아라동,자치경찰대 앞,제주특별자치도 제주시 기자길 14,33.4845423,126.5437288
아라동,월평동 515로 이전,제주특별자치도 제주시 월평동 515,33.4685677,126.5764352
아라동,영평하동마을회관동측,제주특별자치도 제주시 영평7길 41-14,33.4867410,126.5767502
아라동,영평동 2424-2앞 (신고북측),제주특별자치도 제주시 기와4길 39,33.4802584,126.5616714
아라동,영평동 1873-3앞 (영평상동 마을회관),제주특별자치도 제주시 아봉로 248,33.4762990,126.5680394
아라동,오등동 604-5 (하늘채 가든앞),제주특별자치도 제주시 오등13길 68,33.4754146,126.5302053
아라동,오등9길 41 서측(오등마을회관 서측),제주특별자치도 제주시 오등9길 41,33.4755592,126.5258200
아라동,아연로 295 GS제주옹달샘점 앞,제주특별자치도 제주시 아연로 295,33.4669415,126.5192731
아라동,간월동로5길 56 (한라자동차학원앞),제주특별자치도 제주시 간월동로5길 56,33.4893036,126.5473477
아라동,간월동로5길 36 (간드락마을회관),제주특별자치도 제주시 간월동로5길 36,33.4900886,126.5491710
아라동,구산로4길 17 (구산마을회관 앞),제주특별자치도 제주시 구산로4길 17,33.4817476,126.5379315
아라동,구산동길 11-8 (성안교회 북측),제주특별자치도 제주시 아라1동 2348-4,33.4819723,126.5431016
아라동,신설로 56 탐라중 서측,제주특별자치도 제주시 신설로11길 5,33.4918309,126.5439786
아라동,영평동 1054-3 (원예자재앞),제주특별자치도 제주시 영평길 147,33.4878442,126.5733852
아라동,장구마을 입구,제주특별자치도 제주시 대원북길 23-1,33.4757272,126.5319909
아라동,오등동 405-15 (낙원비치 앞),제주특별자치도 제주시 한북로 176,33.4622483,126.5340959
아라동,남광초등학교 동측 (다리),제주특별자치도 제주시 구남동1길 44,33.4930773,126.5411853
아라동,가령골식당 앞 공영주차장(아라지구),제주특별자치도 제주시 인다8길 38,33.4761402,126.5488464
아라동,까리따스유치원 북측 공영주차장,제주특별자치도 제주시 인다9길 29,33.4755357,126.5484694
아라동,아라주공 북측 공영주차장,제주특별자치도 제주시 인다6길 31,33.4752104,126.5462701
아라동,금천마을 뜨래별 입구,제주특별자치도 제주시 금천길 26,33.4794125,126.5534166
아라동,건우인더스 앞 주차장,제주특별자치도 제주시 인다13길 45-14,33.4715876,126.5505765
아라동,아라초등학교 남측 (제일교회 동측),제주특별자치도 제주시 아란5길 20,33.4749198,126.5436598
아라동,제대병원 서북측 공영주차장,제주특별자치도 제주시 아란11길 9-14,33.4696953,126.5427770
아라동,봉이식육점 앞 공영주차장,제주특별자치도 제주시 아란15길 20,33.4707098,126.5431508
아라동,로얄식품 남측 공영주차장,제주특별자치도 제주시 아란서길 97-2,33.4698836,126.5404907
아라동,매전마을회관 서측 공영주차장,제주특별자치도 제주시 아란서길 79,33.4715105,126.5402205
아라동,매전마을회관 북측 공영주차장,제주특별자치도 제주시 아란1길 49-8,33.4730720,126.5406491
아라동,청수빌 옆 공영주차장,제주특별자치도 제주시 아란1길 15,33.4762597,126.5404361
아라동,원신아파트 북측 공영주차장(진일마트),제주특별자치도 제주시 아란9길 11,33.4723465,126.5441844
아라동,미화아파트 서측 공영주차장,제주특별자치도 제주시 아란12길 20,33.4698867,126.5442070
아라동,화인퍼스트빌 8차 동측,제주특별자치도 제주시 간월동로5길 35,33.4898203,126.5493153
아라동,제대병원 정문 (대한약국 옆),제주특별자치도 제주시 중앙로 606-5,33.4693033,126.5461769
아라동,제대마을,제주특별자치도 제주시 제주대학로4길 10,33.4571681,126.5541043
아라동,한국농어촌공사장비관리소,제주특별자치도 제주시 기자길 47,33.4825850,126.5463775
아라동,웃가시나물 동네 안쪽,제주특별자치도 제주시 사송길 93-15,33.4699931,126.5677300
아라동,제주장애인요양원 옆(첨단),제주특별자치도 제주시 첨단로 202,33.4540986,126.5708905
아라동,신비의 도로 ,제주특별자치도 제주시 아라1동 산 41-5,33.4362674,126.5552225
아라동,제대병원기숙사옆(아라종합약국북측),제주특별자치도 제주시 아라1동 6078-7,33.4689903,126.5457072
아라동,서영원룸 앞,제주특별자치도 제주시 월두4길 11,33.4832903,126.5499599
아라동,중앙고 입구 삼거리,제주특별자치도 제주시 영평동 2009-6,33.4713297,126.5700039
아라동,영주고 정문 앞,제주특별자치도 제주시 첨단동길 92,33.4550859,126.5797547
아라동,오등동 아정펠리즈 서측(오등봉길88),제주특별자치도 제주시 오등봉길 91,33.4732674,126.5228535
아라동,제주어린이집 옆 (GS25시 옆),제주특별자치도 제주시 아봉로 87,33.4777577,126.5533191
아라동,영지학교 뒷편-2019비가림신청,제주특별자치도 제주시 아라2동 1360-15,33.4876425,126.5435078
아라동,플리텍대학 동측 하늘바당원룸 앞,제주특별자치도 제주시 산천단남2길 72,33.4492766,126.5646256
아라동,온누리 주유소 ,제주특별자치도 제주시 중앙로 409-6,33.4866128,126.5422520
아라동,진평연립 북측,제주특별자치도 제주시 오등8길 16,33.4703603,126.5245659
아라동,영평 다정타운 ,제주특별자치도 제주시 영평동 795-3,33.4827342,126.5707385
아라동,연북로 대게식당 옆,제주특별자치도 제주시 아라1동 2486-3,33.4859015,126.5380935
아라동,구산길 여고 서측,제주특별자치도 제주시 아라1동 2612-21,33.4833965,126.5377135
아라동,구산마을회관 서측 농업용수 관정 우측,제주특별자치도 제주시 구산서길 78,33.4815521,126.5354713
아라동,시각장애인복지회관,제주특별자치도 제주시 아봉로 433,33.4710118,126.5812628
아라동,교정아파트,제주특별자치도 제주시 아연로 307-9,33.4677637,126.5212831
아라동,연강병원 앞,제주특별자치도 제주시 죽성서길 6,33.4612171,126.5332439
아라동,제주대학교사거리 서측 앙끄레마을 부근,제주특별자치도 제주시 아라1동 481-9,33.4559146,126.5497257
아라동,정도원룸 옆 농구장,제주특별자치도 제주시 산천단남길 32-3,33.4460632,126.5617045
아라동,관음사,제주특별자치도 제주시 산록북로 690-1,33.4259886,126.5587529
아라동,모자원,제주특별자치도 제주시 사송길 52,33.4734390,126.5648206
아라동,혜주원 뒤,제주특별자치도 제주시 월평동 945,33.4677160,126.5727836
아라동,전원요양원,제주특별자치도 제주시 기자서길 20-16,33.4794434,126.5461810
아라동,제주해양경찰,제주특별자치도 제주시 아라1동 2452-7,33.4867907,126.5402172
아라동,대림빌라 입구 도로변 (간드락),제주특별자치도 제주시 간월동로 52,33.4874321,126.5476807
아라동,온난화대응농업연구소사옥내,제주특별자치도 제주시 오등1길 167-9,33.4686885,126.5204082
오라동,종합경기장입구,제주특별자치도 제주시 서광로2길 33-1,33.4984234,126.5140180
오라동,주민센터동쪽,제주특별자치도 제주시 오라2동 1191-3,33.4948923,126.5114440
오라동,푸주옥 옆,제주특별자치도 제주시 오라로 140,33.4942097,126.5177040
오라동,하늘그린빌라앞,제주특별자치도 제주시 사평4길 26,33.4908953,126.5126563
오라동,삼도주택 앞,제주특별자치도 제주시 서사로25길 18,33.4967651,126.5205092
오라동,실내수영장동쪽,제주특별자치도 제주시 서사로24길 24,33.4984920,126.5176015
오라동,공설마을회관동쪽,제주특별자치도 제주시 공설로11길 1,33.4979363,126.5191887
오라동,공설마을회관앞,제주특별자치도 제주시 공설로5길 4,33.4979566,126.5172485
오라동,경호상사앞,제주특별자치도 제주시 동성길 41,33.4965518,126.5097398
오라동,전파사관사앞,제주특별자치도 제주시 월구길 36,33.4988645,126.5060390
오라동,오라3동경로당서쪽,제주특별자치도 제주시 월구길 12,33.4987228,126.5037870
오라동,올리브나무어린이집동쪽,제주특별자치도 제주시 월구1길 31-31,33.4964153,126.5051672
오라동,한라도서관구내식당뒤편,제주특별자치도 제주시 오남로 221,33.4762657,126.5161506
오라동,공구이마트 입구,제주특별자치도 제주시 오라2동 2179-1,33.4924998,126.5108138
오라동,사평마을회관앞,제주특별자치도 제주시 사평4길 33,33.4902421,126.5126800
오라동,혜성슈퍼 옆,제주특별자치도 제주시 연사2길 2,33.4886307,126.5139548
오라동,오라초 후문,제주특별자치도 제주시 사평6길 29,33.4902202,126.5141926
오라동,웰빙파크빌북쪽,제주특별자치도 제주시 연사길 100,33.4878543,126.5089319
오라동,정실마을회관앞,제주특별자치도 제주시 정실4길 11,33.4687187,126.5085387
오라동,월정사주차창동쪽,제주특별자치도 제주시 오라2동 659-12,33.4664437,126.5110086
오라동,소울디자인맞은편,제주특별자치도 제주시 오남로6길 7,33.4918757,126.5172987
오라동,신동아문구 동측 하천변,제주특별자치도 제주시 오남로6길 6,33.4919815,126.5170226
오라동,징겸다리어린이집앞 ,제주특별자치도 제주시 월구1길 21,33.4971102,126.5030488
오라동,세월하이츠빌남쪽주차장,제주특별자치도 제주시 사평4길 44,33.4895068,126.5120922
오라동,예스탑㈜북쪽,제주특별자치도 제주시 정실동길 15,33.4657412,126.5143126
오라동,탐라자동차학원입구,제주특별자치도 제주시 오라2동 1986-13,33.4888412,126.5107581
오라동,탐라자동차학원입구,제주특별자치도 제주시 오라2동 1972-3,33.4878758,126.5087814
오라동,블루홀스관광 입구 옆,제주특별자치도 제주시 오라3동 2101-11,33.4909546,126.5067679
오라동,제주발전연구원주차장,제주특별자치도 제주시 아연로 253,33.4677095,126.5145845
오라동,동성마을회관동쪽,제주특별자치도 제주시 동성길 13,33.4988752,126.5105921
오라동,자연나라 앞,제주특별자치도 제주시 오라2동 335-45,33.4400750,126.5128339
오라동,연미마을동쪽,제주특별자치도 제주시 연사길 142,33.4868096,126.5053000
오라동,거북이주유소 서남쪽,제주특별자치도 제주시 서광로 52-7,33.4983391,126.5024733
오라동,조광페인트 북쪽,제주특별자치도 제주시 동성길 76-3,33.4936916,126.5079612
오라동,제주춘강의원서측,제주특별자치도 제주시 월구1길 70,33.4939090,126.5008873
오라동,중앙오름편션입구,제주특별자치도 제주시 연오로 47-5,33.4889898,126.5022336
오라동,오라주유소맞은편,제주특별자치도 제주시 연삼로 185-1,33.4929241,126.5125030
오라동,제주보건소서쪽,제주특별자치도 제주시 오남로 46-2,33.4912843,126.5190799
오라동,제주아트센터구내,제주특별자치도 제주시 오남로 231,33.4750610,126.5155220
오라동,인효원 입구,제주특별자치도 제주시 오라남로 46-80,33.4539618,126.5092516
오라동,제광원 구내,제주특별자치도 제주시 오라남로 57-10,33.4554346,126.5136856
오라동,나이스빌라앞,제주특별자치도 제주시 연오로 173,33.4778496,126.5003859
오라동,한라기업사 동쪽,제주특별자치도 제주시 정실4길 63-1,33.4675725,126.5035726
오라동,정실다온가입구,제주특별자치도 제주시 아연로 113-8,33.4737313,126.5045562
연동,마리나호텔뒤,제주특별자치도 제주시 신대로 45,33.4932304,126.4972113
연동,한흥주택앞,제주특별자치도 제주시 귀아랑1길 25,33.4924441,126.5004111
연동,풀무원동측,제주특별자치도 제주시 연동 320-12,33.4928830,126.5011670
연동,KT신제주점뒤,제주특별자치도 제주시 문연로 27,33.4900952,126.5007081
연동,도교육청뒤,제주특별자치도 제주시 문연로 5,33.4904510,126.4979130
연동,도청2청사후문앞,제주특별자치도 제주시 문연로 30,33.4888624,126.5005064
연동,도청2청사후문앞,제주특별자치도 제주시 문연로 6,33.4889944,126.4982702
연동,귀아랑경로당 맞은편,제주특별자치도 제주시 신대로13길 37,33.4879123,126.5006655
연동,기업은행연수원,제주특별자치도 제주시 신대로13길 38-3,33.4871394,126.5005889
연동,웰컴센터내,제주특별자치도 제주시 선덕로 23,33.4862394,126.4992442
연동,구보건환경연구원앞,제주특별자치도 제주시 선덕로3길 5,33.4863395,126.4983252
연동,제스코마트뒤,제주특별자치도 제주시 신대로 109,33.4869596,126.4971259
연동,ADT캡스 맞은편,제주특별자치도 제주시 선덕로8길 3,33.4850198,126.5011649
연동,설문대서남측,제주특별자치도 제주시 선덕로6길 19,33.4838806,126.4998006
연동,수구레 해장국 맞은편,제주특별자치도 제주시 비월길 7,33.4849773,126.4973935
