읍면동,명칭,주소
한림읍,한림리,제주특별자치도 제주시 한림읍 한림남길 12
한림읍,동명리,제주특별자치도 제주시 한림읍 동명2길 27
한림읍,귀덕리,제주특별자치도 제주시 한림읍 귀덕로 97-2
한림읍,옹포리,제주특별자치도 제주시 한림읍 월계로 9
애월읍,고내리,제주특별자치도 제주시 애월읍 고내로 14
애월읍,하귀1리,제주특별자치도 제주시 애월읍 하귀동남3길 16
애월읍,애월리,제주특별자치도 제주시 애월읍 애월해안로 7
애월읍,곽지리,제주특별자치도 제주시 애월읍 곽지3길 13
애월읍,중엄리,제주특별자치도 제주시 애월읍 중엄3길 17
애월읍,하가리,제주특별자치도 제주시 애월읍 고하상로 144
애월읍,상가리,제주특별자치도 제주시 애월읍 상가로 71
애월읍,고성리,제주특별자치도 제주시 애월읍 평화로 2584
애월읍,구엄리,제주특별자치도 제주시 애월읍 구엄리 852
구좌읍,종달리,제주특별자치도 제주시 구좌읍 종달논길 31-10
구좌읍,하도리,제주특별자치도 제주시 구좌읍 문주란로 68
구좌읍,동복리,제주특별자치도 제주시 구좌읍 동복로 75-10
구좌읍,김녕리,제주특별자치도 제주시 구좌읍 김녕로8길 32-8
구좌읍,송당리,제주특별자치도 제주시 구좌읍 중산간동로 2202-14
구좌읍,덕천리,제주특별자치도 제주시 구좌읍 월덕로 514
조천읍,조천리,제주특별자치도 제주시 조천읍 조천18길 5-5
조천읍,와산리,제주특별자치도 제주시 조천읍 중산간동로 924
조천읍,와흘리,제주특별자치도 제주시 조천읍 와흘4길 33-1
조천읍,함덕리,제주특별자치도 제주시 조천읍 조함해안로 532-3
조천읍,선흘리,제주특별자치도 제주시 조천읍 중산간동로 1241
조천읍,신흥리,제주특별자치도 제주시 조천읍 조함해안로 302
추자면,대서리,제주특별자치도 제주시 추자면 대서리 147-16번지
우도면,우도면,제주특별자치도 제주시 우도면 조일길 123-5
일도1동,일도1동,제주특별자치도 제주시 성지로 32(일도일동)
일도2동,일도2동,제주특별자치도 제주시 연수로12
이도2동,이도2동,제주특별자치도 제주시 도남로5길 25 (도남동)
이도2동,이도2동,제주특별자치도 제주시 광양9길 65 (이도이동)
이도2동,이도2동,제주특별자치도 제주시 독짓골8길 34 (도남동)
이도2동,이도2동,제주특별자치도 제주시 신설동길 40-10 (이도이동)
삼도1동,삼도1동,제주특별자치도 제주시 서광로25길 16 (삼도일동)
삼도1동,삼도1동,제주특별자치도 제주시 전농로1길 11
삼도2동,삼도2동,제주특별자치도 제주시 관덕로2길 6
용담1동,용담1동,제주특별자치도 제주시 서광로5길 26(용담일동)
용담1동,용담2동,제주특별자치도 제주시 용해로 16 (용담삼동)
화북동,화북동,제주특별자치도 제주시 선반로10길 14 (화북일동)
화북동,화북동,제주특별자치도 제주시 동화로 55
삼양동,삼양동,제주특별자치도 제주시 지석10길 18 (삼양이동)
삼양동,삼양동,제주특별자치도 제주시 화삼로 47 (도련일동)
삼양동,삼양동,제주특별자치도 제주시 선사로8길 25(삼양일동)
아라동,아라동,제주특별자치도 제주시 산천단동길 4 (아라일동)
아라동,아라동,제주특별자치도 제주시 인다14길 20 (아라일동)
오라동,오라동,제주특별자치도 제주시 아연로 165 (오라이동)
오라동,오라동,제주특별자치도 제주시 오라로 115(오라일동)
연동,연동,제주특별자치도 제주시 은남1길 45 (연동)
연동,연동,제주특별자치도 제주시 귀아랑길 33 (연동)
연동,연동,제주특별자치도 제주시 연동14길 32 (연동)
연동,연동,제주특별자치도 제주시 신대로16길 22(연동)
연동,연동,제주특별자치도 제주시 성신로 18-12(연동)
연동,연동,제주특별자치도 제주시 도령로13길 16-8(연동)
연동,연동,제주특별자치도 제주시 연화로2길 17-2
노형동,노형동,제주특별자치도 제주시 진군3길 10 (노형동)
노형동,노형동,제주특별자치도 제주시 우평로 10 (노형동)
노형동,노형동,제주특별자치도 제주시 원노형9길 3 (노형동)
노형동,노형동,제주특별자치도 제주시 월랑로2길 1(노형동)
노형동,노형동,제주특별자치도 제주시 신비마을1길 6 (해안동)
노형동,노형동,제주특별자치도 제주시 원노형남2길 11(노형동)
노형동,노형동,제주특별자치도 제주시 수덕5길 34
노형동,노형동,제주특별자치도 제주시 해안마을길 75
외도동,외도동,제주특별자치도 제주시 외도일동 559-1번지
이호동,이호동,제주특별자치도 제주시 오도4길 33(이호이동)
도두동,도두동,제주특별자치도 제주시 오일장동길 51 (도두일동)
도두동,도두동,제주특별자치도 제주시 제주시 도공로 3(도두일동)
대정읍,마라도,제주특별자치도 서귀포시 대정읍 마라로 127
대정읍,동일1리,제주특별자치도 서귀포시 대정읍 동일하모로 90
대정읍,하모3리,제주특별자치도 서귀포시 대정읍 신영로36번길 69-11
대정읍,구억리,제주특별자치도 서귀포시 대정읍 영어도시로 35-3
대정읍,상모2리,제주특별자치도 서귀포시 대정읍 상모대서로 20번길 61
대정읍,신평리,제주특별자치도 서귀포시 대정읍 신평로 10
대정읍,상모3리,제주특별자치도 서귀포시 대정읍 영서중로 64
대정읍,신영물,제주특별자치도 서귀포시 대정읍 최남단해안로30번길 18
대정읍,신도1리,제주특별자치도 서귀포시 대정읍 도원남로 171-7
대정읍,일과2리,제주특별자치도 서귀포시 대정읍 일과리 1516-3
대정읍,보성리,제주특별자치도 서귀포시 대정읍 보성상로 3-23
대정읍,영락리,제주특별자치도 서귀포시 대정읍 영락중동로 11-1
대정읍,무릉리,제주특별자치도 서귀포시 대정읍 서삼중로 128-1
남원읍,남원1리,제주특별자치도 서귀포시 남원읍 남태해안로 116
남원읍,위미3리,제주특별자치도 서귀포시 남원읍 태위로 377
남원읍,신흥1리,제주특별자치도 서귀포시 남원읍 신흥로 32-5
남원읍,태흥2리,제주특별자치도 서귀포시 남원읍 남태해안로 489
남원읍,하례2리,제주특별자치도 서귀포시 남원읍 하례돈야로 20
남원읍,태흥3리,제주특별자치도 서귀포시 남원읍 태신해안로 81
남원읍,신흥2리,제주특별자치도 서귀포시 남원읍 중산간동로 5752
남원읍,한남리,제주특별자치도 서귀포시 남원읍 남한로 431-2
남원읍,신례1리,제주특별자치도 서귀포시 남원읍 신례리 1378-4
남원읍,위미2리,제주특별자치도 서귀포시 남원읍 위미리 984-4
성산읍,온평리,제주특별자치도 서귀포시 성산읍 온평포구로62번길 13
성산읍,성산리,제주특별자치도 서귀포시 성산읍 성산등용로 65
성산읍,삼달리,제주특별자치도 서귀포시 성산읍 삼달로 249
성산읍,고성리,제주특별자치도 서귀포시 성산읍 고성오조로 40
성산읍,신풍리,제주특별자치도 서귀포시 성산읍 신풍상동로 4
성산읍,신천리,제주특별자치도 서귀포시 성산읍 신천동로 26
성산읍,삼달2리,제주특별자치도 서귀포시 성산읍 삼달하동로31번길 31
성산읍,신산리,제주특별자치도 서귀포시 성산읍 신산중앙로18번길 38
성산읍,신양리,제주특별자치도 서귀포시 성산읍 섭지코지로 4
성산읍,온평리 혼인지마을,제주특별자치도 서귀포시 성산읍 온평애향로23번길 6
성산읍,수산1리,제주특별자치도 서귀포시 성산읍 수산리 1081
성산읍,난산리,제주특별자치도 서귀포시 성산읍 난산리 1161
안덕면,화순리,제주특별자치도 서귀포시 안덕면 화순로 154-42
안덕면,감산리,제주특별자치도 서귀포시 안덕면 일주서로 1521
안덕면,사계리,제주특별자치도 서귀포시 안덕면 서사계중앙로3번길 14
안덕면,덕수리,제주특별자치도 서귀포시 안덕면 덕수회관로 88-8
안덕면,서광서리,제주특별자치도 서귀포시 안덕면 서광리 1762-1
표선면,표선리,제주특별자치도 서귀포시 표선면 표선동서로 203-3
표선면,성읍 문화마을,제주특별자치도 서귀포시 표선면 서성일로10번길 9-6
표선면,성읍 新문화마을,제주특별자치도 서귀포시 표선면 서성일로27번길 16-7
표선면,세화1리,제주특별자치도 서귀포시 표선면 세화강왓로 104
표선면,세화2리,제주특별자치도 서귀포시 표선면 가마병풍로 29
표선면,하천리,제주특별자치도 서귀포시 표선면 일주동로5645번길 13-5
표선면,토산1리,제주특별자치도 서귀포시 표선면 중산간동로5570번길 5-1
송산동,송산서귀,제주특별자치도 서귀포시 칠십리로91번길 11
정방동,정방동,제주특별자치도 서귀포시 중앙로4번길 3
중앙동,중앙동,제주특별자치도 서귀포시 중앙로62번길 20(서귀동)
천지동,천지동,제주특별자치도 서귀포시 서문로 14(서귀동)
천지동,남성마을,제주특별자치도 서귀포시 남성중로 134
효돈동,효돈동,제주특별자치도 서귀포시 월라봉로34번길37(신효동)
동홍동,동홍동,제주특별자치도 서귀포시 동홍중앙로 99(동홍동)
서홍동,서홍동,제주특별자치도 서귀포시 홍중로 28(서홍동)
대륜동,호근,제주특별자치도 서귀포시 호근로26번길 10(호근동)
대륜동,새서귀포,제주특별자치도 서귀포시 신서귀로 87(법환동)
대륜동,법환마을,제주특별자치도 서귀포시 법환로 87
대천동,대천동(신시가지),제주특별자치도 서귀포시 신서로 39(강정동)
대천동,강정마을,제주특별자치도 서귀포시 강정통물로 125-12(강정동)
대천동,용흥마을,제주특별자치도 서귀포시 용흥로38번길 59-6
중문동,중문동,제주특별자치도 서귀포시 중문상로17번길 3(중문동)
예래동,색달마을,제주특별자치도 서귀포시 색달로72번길 8
예래동,하예1,제주특별자치도 서귀포시 예래로 320